Event Name,Event Location,Event Date,Fighter 1,Fighter 2,Weight Class,Winning Fighter,Winning Method,Winning Round,Winning Time,Referee
Dana White's Contender Series - Contender Series 2024: Week 4,"UFC Apex, Las Vegas, Nevada, United States","Sep 3, 2024",Seok Hyun Ko,Igor Cavalcanti,Welterweight,Seok Hyun Ko,Decision (Unanimous),3,5:00,Jason Herzog
Dana White's Contender Series - Contender Series 2024: Week 3,"UFC Apex, Las Vegas, Nevada, United States","Aug 27, 2024",Andrey Pulyaev,Liam Anderson,Middleweight,Andrey Pulyaev,Decision (Unanimous),3,5:00,Keith Peterson
Dana White's Contender Series - Contender Series 2024: Week 2,"UFC Apex, Las Vegas, Nevada, United States","Aug 20, 2024",Andreas Gustafsson,Pat Pytlik,Welterweight,Andreas Gustafsson,TKO (Knees),2,3:20,Mark Smith
Dana White's Contender Series - Contender Series 2024: Week 1,"UFC Apex, Las Vegas, Nevada, United States","Aug 13, 2024",Mansur Abdul-Malik,Wesley Schultz,Middleweight,Mansur Abdul-Malik,TKO (Elbows and Punches),2,3:55,Herb Dean
Dana White's Contender Series - Contender Series 2023: Week 10,"UFC Apex, Las Vegas, Nevada, United States","Oct 10, 2023",Ramon Taveras,Cortavious Romious,Bantamweight,Ramon Taveras,TKO (Punches),1,0:29,Herb Dean
Dana White's Contender Series - Contender Series 2023: Week 9,"UFC Apex, Las Vegas, Nevada, United States","Oct 3, 2023",Rodolfo Bellato,Murtaza Talha Ali,Light Heavyweight,Rodolfo Bellato,TKO (Punches),2,4:46,Jason Herzog
Dana White's Contender Series - Contender Series 2023: Week 8,"UFC Apex, Las Vegas, Nevada, United States","Sep 26, 2023",Danny Barlow,Raheam Forest,Welterweight,Danny Barlow,TKO (Punches),1,1:19,Mark Smith
Dana White's Contender Series - Contender Series 2023: Week 7,"UFC Apex, Las Vegas, Nevada, United States","Sep 19, 2023",Shamil Gaziev,Greg Velasco,Heavyweight,Shamil Gaziev,Submission (Rear-Naked Choke),1,2:38,Jason Herzog
Dana White's Contender Series - Contender Series 2023: Week 6,"UFC Apex, Las Vegas, Nevada, United States","Sep 12, 2023",James Llontop,Malik Lewis,Lightweight,James Llontop,Decision (Unanimous),3,5:00,Mark Smith
Dana White's Contender Series - Contender Series 2023: Week 5,"UFC Apex, Las Vegas, Nevada, United States","Sep 5, 2023",Brendson Ribeiro,Bruno Lopes,Light Heavyweight,Brendson Ribeiro,KO (Punches),1,3:47,Mark Smith
Dana White's Contender Series - Contender Series 2023: Week 4,"UFC Apex, Las Vegas, Nevada, United States","Aug 29, 2023",Carlos Prates,Mitch Ramirez,Welterweight,Carlos Prates,TKO (Punch),2,1:14,Jason Herzog
Dana White's Contender Series - Contender Series 2023: Week 3,"UFC Apex, Las Vegas, Nevada, United States","Aug 22, 2023",Zachary Reese,Eli Aronov,Middleweight,Zachary Reese,Submission (Armbar),1,1:14,Mark Smith
Dana White's Contender Series - Contender Series 2023: Week 2,"UFC Apex, Las Vegas, Nevada, United States","Aug 15, 2023",Abdul-Kareem Al-Selwady,George Hardwick,Lightweight,Abdul-Kareem Al-Selwady,Decision (Unanimous),3,5:00,Herb Dean
Dana White's Contender Series - Contender Series 2023: Week 1,"UFC Apex, Las Vegas, Nevada, United States","Aug 8, 2023",Cesar Almeida,Lucas Fernando,Middleweight,Cesar Almeida,Decision (Unanimous),3,5:00,Chris Tognoni
Dana White's Contender Series - Contender Series 2022: Week 10,"UFC Apex, Las Vegas, Nevada, United States","Sep 27, 2022",Bo Nickal,Donovan Beard,Middleweight,Bo Nickal,Submission (Triangle Choke),1,0:52,Mark Smith
Dana White's Contender Series - Contender Series 2022: Week 9,"UFC Apex, Las Vegas, Nevada, United States","Sep 20, 2022",Brunno Ferreira,Leon Aliu,Middleweight,Brunno Ferreira,TKO (Punches),1,1:35,Mark Smith
Dana White's Contender Series - Contender Series 2022: Week 8,"UFC Apex, Las Vegas, Nevada, United States","Sep 13, 2022",Farid Basharat,Allan Begosso,Bantamweight,Farid Basharat,Decision (Unanimous),3,5:00,Mike Beltran
Dana White's Contender Series - Contender Series 2022: Week 7,"UFC Apex, Las Vegas, Nevada, United States","Sep 6, 2022",Vitor Petrino,Rodolfo Bellato,Light Heavyweight,Vitor Petrino,KO (Punches),2,3:36,Mark Smith
Dana White's Contender Series - Contender Series 2022: Week 6,"UFC Apex, Las Vegas, Nevada, United States","Aug 30, 2022",Yusaku Kinoshita,Jose Henrique Souza,Welterweight,Yusaku Kinoshita,TKO (Punches),3,0:43,Jason Herzog
Dana White's Contender Series - Contender Series 2022: Week 5,"UFC Apex, Las Vegas, Nevada, United States","Aug 23, 2022",Mick Parkin,Eduardo Neves,Heavyweight,Mick Parkin,Submission (Rear-Naked Choke),1,1:57,Mike Beltran
Dana White's Contender Series - Contender Series 2022: Week 4,"UFC Apex, Las Vegas, Nevada, United States","Aug 16, 2022",Esteban Ribovics,Thomas Paull,Lightweight,Esteban Ribovics,KO (Punches),1,1:30,Jason Herzog
Dana White's Contender Series - Contender Series 2022: Week 3,"UFC Apex, Las Vegas, Nevada, United States","Aug 9, 2022",Bo Nickal,Zachary Borrego,188lbCatchweight,Bo Nickal,Submission (Rear-Naked Choke),1,1:02,Mike Beltran
Dana White's Contender Series - Contender Series 2022: Week 2,"UFC Apex, Las Vegas, Nevada, United States","Aug 2, 2022",Chris Duncan,Charlie Campbell,Lightweight,Chris Duncan,KO (Punches),1,1:43,Mark Smith
Dana White's Contender Series - Contender Series 2022: Week 1,"UFC Apex, Las Vegas, Nevada, United States","Jul 26, 2022",Joe Pyfer,Osman Diaz,Middleweight,Joe Pyfer,TKO (Punches),2,1:39,Mike Beltran
Dana White's Contender Series - Contender Series 2021: Week 10,"UFC Apex, Las Vegas, Nevada, United States","Nov 2, 2021",Maheshate Hayisaer,Achilles Estremadura,Lightweight,Maheshate Hayisaer,Decision (Unanimous),3,5:00,Mike Beltran
Dana White's Contender Series - Contender Series 2021: Week 9,"UFC Apex, Las Vegas, Nevada, United States","Oct 26, 2021",Gadzhi Omargadzhiev,Jansey Silva,Middleweight,Gadzhi Omargadzhiev,Submission (Kneebar),1,4:19,Herb Dean
Dana White's Contender Series - Contender Series 2021: Week 8,"UFC Apex, Las Vegas, Nevada, United States","Oct 19, 2021",Jonny Parsons,Solomon Renfro,Welterweight,Jonny Parsons,Decision (Split),3,5:00,Mike Beltran
Dana White's Contender Series - Contender Series 2021: Week 7,"UFC Apex, Las Vegas, Nevada, United States","Oct 12, 2021",Christian Rodriguez,Reyes Cortez Jr.,Bantamweight,Christian Rodriguez,Decision (Unanimous),3,5:00,Jason Herzog
Dana White's Contender Series - Contender Series 2021: Week 6,"UFC Apex, Las Vegas, Nevada, United States","Oct 5, 2021",Mike Malott,Shimon Smotritsky,Welterweight,Mike Malott,Submission (Guillotine Choke),1,0:39,Herb Dean
Dana White's Contender Series - Contender Series 2021: Week 5,"UFC Apex, Las Vegas, Nevada, United States","Sep 28, 2021",Ihor Potieria,Lukasz Sudolski,Light Heavyweight,Ihor Potieria,TKO (Punches),1,3:41,Jason Herzog
Dana White's Contender Series - Contender Series 2021: Week 4,"UFC Apex, Las Vegas, Nevada, United States","Sep 21, 2021",A.J. Dobson,Hashem Arkhagha,Middleweight,A.J. Dobson,Submission (Rear-Naked Choke),1,4:21,Mike Beltran
Dana White's Contender Series - Contender Series 2021: Week 3,"UFC Apex, Las Vegas, Nevada, United States","Sep 14, 2021",Jailton Almeida,Nasrudin Nasrudinov,Light Heavyweight,Jailton Almeida,Submission (Rear-Naked Choke),2,1:49,Jason Herzog
Dana White's Contender Series - Contender Series 2021: Week 2,"UFC Apex, Las Vegas, Nevada, United States","Sep 7, 2021",Josh Quinlan,Logan Urban,Welterweight,Josh Quinlan,No Contest (Overturned),1,0:47,Mike Beltran
Dana White's Contender Series - Contender Series 2021: Week 1,"UFC Apex, Las Vegas, Nevada, United States","Aug 31, 2021",Azamat Murzakanov,Matheus Scheffel,Light Heavyweight,Azamat Murzakanov,TKO (Punches),1,3:00,Herb Dean
Dana White's Contender Series - Contender Series 2020: Week 10,"UFC Apex, Las Vegas, Nevada, United States","Nov 17, 2020",J.P. Buys,Jacob Silva,Flyweight,J.P. Buys,Technical Submission (Guillotine Choke),1,4:54,Marc Goddard
Dana White's Contender Series - Contender Series 2020: Week 9,"UFC Apex, Las Vegas, Nevada, United States","Nov 10, 2020",Mario Filipe de Sousa,Mariusz Ksiazkiewicz,Middleweight,Mario Filipe de Sousa,Decision (Unanimous),3,5:00,Mark Smith
Dana White's Contender Series - Contender Series 2020: Week 8,"UFC Apex, Las Vegas, Nevada, United States","Nov 4, 2020",Carlos Ulberg,Bruno Oliveira,Light Heavyweight,Carlos Ulberg,KO (Punches),1,2:02,Herb Dean
Dana White's Contender Series - Contender Series 2020: Week 7,"UFC Apex, Las Vegas, Nevada, United States","Sep 15, 2020",Jordan Williams,Gregory Rodrigues,Middleweight,Jordan Williams,KO (Punches),1,2:19,Mark Smith
Dana White's Contender Series - Contender Series 2020: Week 6,"UFC Apex, Las Vegas, Nevada, United States","Sep 8, 2020",Tafon Nchukwi,Al Matavao,Light Heavyweight,Tafon Nchukwi,KO (Head Kick),2,2:01,Chris Tognoni
Dana White's Contender Series - Contender Series 2020: Week 5,"UFC Apex, Las Vegas, Nevada, United States","Sep 1, 2020",Melsik Baghdasaryan,Dennis Buzukja,Featherweight,Melsik Baghdasaryan,Decision (Unanimous),3,5:00,Mark Smith
Dana White's Contender Series - Contender Series 2020: Week 4,"UFC Apex, Las Vegas, Nevada, United States","Aug 25, 2020",Jamie Pickett,Jhonoven Pati,Middleweight,Jamie Pickett,TKO (Punches),2,0:33,Mark Smith
Dana White's Contender Series - Contender Series 2020: Week 3,"UFC Apex, Las Vegas, Nevada, United States","Aug 18, 2020",Louis Cosce,Victor Reyna,Welterweight,Louis Cosce,TKO (Punches),1,1:12,Chris Tognoni
Dana White's Contender Series - Contender Series 2020: Week 2,"UFC Apex, Las Vegas, Nevada, United States","Aug 11, 2020",Dustin Stoltzfus,Joe Pyfer,Middleweight,Dustin Stoltzfus,TKO (Elbow Injury),1,4:21,Mark Smith
Dana White's Contender Series - Contender Series 2020: Week 1,"UFC Apex, Las Vegas, Nevada, United States","Aug 4, 2020",Dustin Jacoby,Ty Flores,Light Heavyweight,Dustin Jacoby,Decision (Unanimous),3,5:00,Herb Dean
"Dana White's Contender Series - Season 3, Episode 10","UFC Apex, Las Vegas, Nevada, United States","Aug 27, 2019",Dusko Todorovic,Teddy Ash,Middleweight,Dusko Todorovic,Decision (Unanimous),3,5:00,Jason Herzog
"Dana White's Contender Series - Season 3, Episode 9","UFC Apex, Las Vegas, Nevada, United States","Aug 20, 2019",Philip Rowe,Leon Shahbazyan,Welterweight,Philip Rowe,TKO (Punches),3,0:16,Herb Dean
"Dana White's Contender Series  - Season 3, Episode 8","UFC Apex, Las Vegas, Nevada, United States","Aug 13, 2019",William Knight,Herdem Alacabek,Light Heavyweight,William Knight,TKO (Punches),3,4:34,Jason Herzog
"Dana White's Contender Series - Season 3, Episode 7","UFC Apex, Las Vegas, Nevada, United States","Aug 6, 2019",Omar Morales,Harvey Park,Lightweight,Omar Morales,TKO (Leg Kicks and Punches),2,1:06,Herb Dean
"Dana White's Contender Series - Season 3, Episode 6","UFC Apex, Las Vegas, Nevada, United States","Jul 30, 2019",Aleksa Camur,Fabio Cherant,Light Heavyweight,Aleksa Camur,TKO (Flying Knee and Punches),2,0:48,Chris Tognoni
"Dana White's Contender Series - Season 3, Episode 5","UFC Apex, Las Vegas, Nevada, United States","Jul 23, 2019",Ramazan Kuramagomedov,Jordan Williams,Middleweight,Ramazan Kuramagomedov,Decision (Split),3,5:00,Herb Dean
"Dana White's Contender Series - Season 3, Episode 4","UFC Apex, Las Vegas, Nevada, United States","Jul 16, 2019",Antonio Arroyo,Stephen Regman,Middleweight,Antonio Arroyo,Submission (Arm-Triangle Choke),2,3:31,Jason Herzog
"Dana White's Contender Series - Season 3, Episode 3","UFC Apex, Las Vegas, Nevada, United States","Jul 9, 2019",Joe Solecki,James Wallace,Lightweight,Joe Solecki,Technical Submission (Guillotine Choke),1,3:49,Herb Dean
"Dana White's Contender Series - Season 3, Episode 2","UFC Apex, Las Vegas, Nevada, United States","Jun 25, 2019",Tony Johnson,Alton Cunningham,Heavyweight,Tony Johnson,Decision (Unanimous),3,5:00,Jason Herzog
"Dana White's Contender Series - Season 3, Episode 1","UFC Apex, Las Vegas, Nevada, United States","Jun 18, 2019",Punahele Soriano,Jamie Pickett,Middleweight,Punahele Soriano,Decision (Unanimous),3,5:00,Herb Dean
"Dana White's Tuesday Night Contender Series Brazil - Season 1, Episode 3","UFC Training Center, Las Vegas, Nevada, United States","Aug 11, 2018",Gisele Moreira,Dayana Silva,Bantamweight,Gisele Moreira,Decision (Split),3,5:00,Chris Tognoni
"Dana White's Tuesday Night Contender Series Brazil - Season 1, Episode 2","UFC Training Center, Las Vegas, Nevada, United States","Aug 11, 2018",Marcio Alexandre Jr.,Leonardo Silva,Middleweight,Marcio Alexandre Jr.,Submission (Guillotine Choke),1,1:52,Jason Herzog
"Dana White's Tuesday Night Contender Series Brazil - Season 1, Episode 1","UFC Training Center, Las Vegas, Nevada, United States","Aug 10, 2018",Sarah Frota,Maiara Amanajas dos Santos,Flyweight,Sarah Frota,KO (Punches),1,3:26,Mark Smith
"Dana White's Tuesday Night Contender Series - Season 2, Episode 8","UFC Training Center, Las Vegas, Nevada, United States","Aug 7, 2018",Greg Hardy,Tebaris Gordon,Heavyweight,Greg Hardy,TKO (Punches),1,0:17,Herb Dean
"Dana White's Tuesday Night Contender Series - Season 2, Episode 7","UFC Training Center, Las Vegas, Nevada, United States","Jul 31, 2018",Roosevelt Roberts,Garrett Gross,Lightweight,Roosevelt Roberts,Submission (Rear-Naked Choke),2,2:13,Jason Herzog
"Dana White's Tuesday Night Contender Series - Season 2, Episode 6","UFC Training Center, Las Vegas, Nevada, United States","Jul 24, 2018",Alex Munoz,Nick Newell,Lightweight,Alex Munoz,Decision (Unanimous),3,5:00,Jason Herzog
"Dana White's Tuesday Night Contender Series - Season 2, Episode 5","UFC Training Center, Las Vegas, Nevada, United States","Jul 17, 2018",Maycee Barber,Jamie Colleen Miller,Strawweight,Maycee Barber,TKO (Elbows),3,4:15,Herb Dean
"Dana White's Tuesday Night Contender Series - Season 2, Episode 4","UFC Training Center, Las Vegas, Nevada, United States","Jul 10, 2018",Kevin Aguilar,Joey    Gomez,Lightweight,Kevin Aguilar,Decision (Split),3,5:00,Herb Dean
"Dana White's Tuesday Night Contender Series - Season 2, Episode 3","UFC Training Center, Las Vegas, Nevada, United States","Jun 26, 2018",Antonina Shevchenko,Jaimelene Nievera,Flyweight,Antonina Shevchenko,TKO (Knees),2,3:22,Herb Dean
"Dana White's Tuesday Night Contender Series - Season 2, Episode 2","UFC Training Center, Las Vegas, Nevada, United States","Jun 19, 2018",Matt Sayles,Yazan Hajeh,Featherweight,Matt Sayles,TKO (Punches),1,1:57,Jason Herzog
"Dana White's Tuesday Night Contender Series - Season 2, Episode 1","UFC Training Center, Las Vegas, Nevada, United States","Jun 12, 2018",Alonzo Menifield,Dashawn Boatwright,Light Heavyweight,Alonzo Menifield,TKO (Punches),1,0:08,Mark Smith
"Dana White's Tuesday Night Contender Series - Season 1, Episode 8","UFC Training Center, Las Vegas, Nevada, United States","Aug 29, 2017",Matt Frevola,Jose Flores,Lightweight,Matt Frevola,Submission (Arm-Triangle Choke),2,3:32,Jason Herzog
"Dana White's Tuesday Night Contender Series - Season 1, Episode 7","UFC Training Center, Las Vegas, Nevada, United States","Aug 22, 2017",Kennedy Nzechukwu,Anton Berzin,Light Heavyweight,Kennedy Nzechukwu,Decision (Split),3,5:00,Mark Smith
"Dana White's Tuesday Night Contender Series - Season 1, Episode 6","UFC Training Center, Las Vegas, Nevada, United States","Aug 15, 2017",Charles Byrd,Randall Wallace,Middleweight,Charles Byrd,Submission (Rear-Naked Choke),2,2:03,Herb Dean
"Dana White's Tuesday Night Contender Series - Season 1, Episode 5","UFC Training Center, Las Vegas, Nevada, United States","Aug 8, 2017",Mike Rodriguez,Jamelle Jones,Light Heavyweight,Mike Rodriguez,KO (Flying Knee),1,2:15,Mark Smith
"Dana White's Tuesday Night Contender Series - Season 1, Episode 4","UFC Training Center, Las Vegas, Nevada, United States","Aug 1, 2017",Julian Marquez,Phil Hawes,Middleweight,Julian Marquez,KO (Head Kick),2,2:20,Herb Dean
"Dana White's Tuesday Night Contender Series - Season 1, Episode 3","UFC Training Center, Las Vegas, Nevada, United States","Jul 25, 2017",Karl Roberson,Ryan Spann,Light Heavyweight,Karl Roberson,KO (Elbows),1,0:15,Jason Herzog
"Dana White's Tuesday Night Contender Series - Season 1, Episode 2","UFC Training Center, Las Vegas, Nevada, United States","Jul 18, 2017",Dan Spohn,Angel DeAnda,Light Heavyweight,Dan Spohn,Submission (Arm-Triangle Choke),1,3:10,John McCarthy
"Dana White's Tuesday Night Contender Series - Season 1, Episode 1","UFC Training Center, Las Vegas, Nevada, United States","Jul 11, 2017",Kurt Holobaugh,Matt Bessette,Featherweight,Kurt Holobaugh,No Contest (Overturned by NSAC),1,2:59,John McCarthy
"Dana White's Tuesday Night Contender Series - Season 1, Episode 1","UFC Training Center, Las Vegas, Nevada, United States","Jul 11, 2017",Djorden 'Shakur' Ribeiro dos Santos,Will 'Drago' Currie,Welterweight,Djorden 'Shakur' Ribeiro dos Santos,Decision (Unanimous),3,5:00,Mike Beltran
"Dana White's Tuesday Night Contender Series - Season 1, Episode 1","UFC Training Center, Las Vegas, Nevada, United States","Jul 11, 2017",Austin Bashi,Dorian Ramos,Welterweight,Austin Bashi,Submission (Rear-Naked Choke),2,3:15,Jason Herzog
"Dana White's Tuesday Night Contender Series - Season 1, Episode 1","UFC Training Center, Las Vegas, Nevada, United States","Jul 11, 2017",Yuneisy Duben,Shannon 'MMA Barbie' Clark,Welterweight,Yuneisy Duben,KO (Punch),1,1:13,Mike Beltran
"Dana White's Tuesday Night Contender Series - Season 1, Episode 1","UFC Training Center, Las Vegas, Nevada, United States","Jul 11, 2017",Quillan Salkilld,Gauge 'Gee Money' Young,Welterweight,Quillan Salkilld,Decision (Unanimous),3,5:00,Jason Herzog
"Dana White's Tuesday Night Contender Series - Season 1, Episode 1","UFC Training Center, Las Vegas, Nevada, United States","Jul 11, 2017",Bogdan 'The Unleashed' Grad,Michael 'The Texas Kid' Aswell,Middleweight,Bogdan 'The Unleashed' Grad,Decision (Split),3,5:00,Eric McMahon
"Dana White's Tuesday Night Contender Series - Season 1, Episode 1","UFC Training Center, Las Vegas, Nevada, United States","Jul 11, 2017",Marco 'Matuto' Tulio,Matthieu Letho Duclos,Middleweight,Marco 'Matuto' Tulio,TKO (Spinning Back Kick and Punches),2,2:38,Keith Peterson
"Dana White's Tuesday Night Contender Series - Season 1, Episode 1","UFC Training Center, Las Vegas, Nevada, United States","Jul 11, 2017",Malcolm 'Walla' Wellmaker,Adam 'Samurai' Bramhald,Middleweight,Malcolm 'Walla' Wellmaker,KO (Punch),1,2:29,Eric McMahon
"Dana White's Tuesday Night Contender Series - Season 1, Episode 1","UFC Training Center, Las Vegas, Nevada, United States","Jul 11, 2017",Nick Piccininni,Jack 'The Fury' Duffy,Middleweight,Nick Piccininni,Decision (Split),3,5:00,Keith Peterson
"Dana White's Tuesday Night Contender Series - Season 1, Episode 1","UFC Training Center, Las Vegas, Nevada, United States","Jul 11, 2017",Rizvan Kuniev,Hugo 'Silverback' Cunha,Welterweight,Rizvan Kuniev,TKO (Knee to the Body and Punches),1,4:59,Blake Grice
"Dana White's Tuesday Night Contender Series - Season 1, Episode 1","UFC Training Center, Las Vegas, Nevada, United States","Jul 11, 2017",Cortavious 'Are You Not Entertained?' Romious,Michael Imperato,Welterweight,Cortavious 'Are You Not Entertained?' Romious,Decision (Unanimous),3,5:00,Mark Smith
"Dana White's Tuesday Night Contender Series - Season 1, Episode 1","UFC Training Center, Las Vegas, Nevada, United States","Jul 11, 2017",Torrez 'The Punisher' Finney,Cameron 'Cam Van Damme' Rowston,Welterweight,Torrez 'The Punisher' Finney,Decision (Unanimous),3,5:00,Blake Grice
"Dana White's Tuesday Night Contender Series - Season 1, Episode 1","UFC Training Center, Las Vegas, Nevada, United States","Jul 11, 2017",Cody Haddon,Billy 'Songthak' Brand,Welterweight,Cody Haddon,Submission (Rear-Naked Choke),1,3:09,Mark Smith
"Dana White's Tuesday Night Contender Series - Season 1, Episode 1","UFC Training Center, Las Vegas, Nevada, United States","Jul 11, 2017",Rami 'The Russian' Hamed,Meng 'Ruthless Assassin' Ding,Middleweight,Rami 'The Russian' Hamed,Decision (Unanimous),3,5:00,Chris Tognoni
"Dana White's Tuesday Night Contender Series - Season 1, Episode 1","UFC Training Center, Las Vegas, Nevada, United States","Jul 11, 2017",Bruno 'Brunao' Lopes,Mikheil Sazhiniani,Middleweight,Bruno 'Brunao' Lopes,TKO (Punches),2,4:14,Herb Dean
"Dana White's Tuesday Night Contender Series - Season 1, Episode 1","UFC Training Center, Las Vegas, Nevada, United States","Jul 11, 2017",Jose Delgado,Ernie 'Young Titan' Juarez,Middleweight,Jose Delgado,KO (Knee and Punches),2,1:25,Chris Tognoni
"Dana White's Tuesday Night Contender Series - Season 1, Episode 1","UFC Training Center, Las Vegas, Nevada, United States","Jul 11, 2017",Lone'er Kavanagh,An Tuan 'The Highlight' Ho,Middleweight,Lone'er Kavanagh,KO (Punch),1,2:35,Herb Dean
"Dana White's Tuesday Night Contender Series - Season 1, Episode 1","UFC Training Center, Las Vegas, Nevada, United States","Jul 11, 2017",Andre 'Mascote' Lima,Rickson Thai 'The King' Zenidim Bueno,Bantamweight,Andre 'Mascote' Lima,Decision (Unanimous),3,5:00,Mike Beltran
"Dana White's Tuesday Night Contender Series - Season 1, Episode 1","UFC Training Center, Las Vegas, Nevada, United States","Jul 11, 2017",Connor 'Bad News' Matthews,Jair 'Chosen' Farias,Bantamweight,Connor 'Bad News' Matthews,Decision (Unanimous),3,5:00,Herb Dean
"Dana White's Tuesday Night Contender Series - Season 1, Episode 1","UFC Training Center, Las Vegas, Nevada, United States","Jul 11, 2017",Torrez 'The Punisher' Finney,Yuri 'The Russian Polar Bear' Panferov,Bantamweight,Torrez 'The Punisher' Finney,Submission (Rear-Naked Choke),2,2:43,Mike Beltran
"Dana White's Tuesday Night Contender Series - Season 1, Episode 1","UFC Training Center, Las Vegas, Nevada, United States","Jul 11, 2017",Marquel Mederos,Issa Isakov,Bantamweight,Marquel Mederos,TKO (Knee and Punches),1,4:09,Herb Dean
"Dana White's Tuesday Night Contender Series - Season 1, Episode 1","UFC Training Center, Las Vegas, Nevada, United States","Jul 11, 2017",Lucas 'Fenomeno' Rocha,Davi 'O Black' Bittencourt,Bantamweight,Lucas 'Fenomeno' Rocha,KO (Knee and Punches),2,0:18,Mike Beltran
"Dana White's Tuesday Night Contender Series - Season 1, Episode 1","UFC Training Center, Las Vegas, Nevada, United States","Jul 11, 2017",Victor Hugo 'Striker' Silva,Eduardo 'Cyborg' Torres Cant,Light Heavyweight,Victor Hugo 'Striker' Silva,Submission (Kneebar),2,2:16,Eric McMahon
"Dana White's Tuesday Night Contender Series - Season 1, Episode 1","UFC Training Center, Las Vegas, Nevada, United States","Jul 11, 2017",Magomed 'Mohammed Haji' Gadzhiyasulov,Jose 'Chicho' Medina,Light Heavyweight,Magomed 'Mohammed Haji' Gadzhiyasulov,Decision (Unanimous),3,5:00,Jason Herzog
"Dana White's Tuesday Night Contender Series - Season 1, Episode 1","UFC Training Center, Las Vegas, Nevada, United States","Jul 11, 2017",Mauricio Ruffy,Raimond Magomedaliev,Light Heavyweight,Mauricio Ruffy,TKO (Punches),3,4:45,Eric McMahon
"Dana White's Tuesday Night Contender Series - Season 1, Episode 1","UFC Training Center, Las Vegas, Nevada, United States","Jul 11, 2017",Mario Piazzon,Alexander Soldatkin,Welterweight,Mario Piazzon,Disqualification (Illegal Knee),3,0:20,Jacob Montalvo
"Dana White's Tuesday Night Contender Series - Season 1, Episode 1","UFC Training Center, Las Vegas, Nevada, United States","Jul 11, 2017",Danny 'Puma' Silva,Angel Pacheco,Welterweight,Danny 'Puma' Silva,Decision (Unanimous),3,5:00,Mark Smith
"Dana White's Tuesday Night Contender Series - Season 1, Episode 1","UFC Training Center, Las Vegas, Nevada, United States","Jul 11, 2017",Ernesta 'Heavy-Handed' Kareckaite,Carli 'Crispy' Judice,Welterweight,Ernesta 'Heavy-Handed' Kareckaite,Decision (Split),3,5:00,Jacob Montalvo
"Dana White's Tuesday Night Contender Series - Season 1, Episode 1","UFC Training Center, Las Vegas, Nevada, United States","Jul 11, 2017",Vinicius 'LokDog' Oliveira,Victor 'Periquito' Madrigal,Welterweight,Vinicius 'LokDog' Oliveira,KO (Punch),1,3:02,Mark Smith
"Dana White's Tuesday Night Contender Series - Season 1, Episode 1","UFC Training Center, Las Vegas, Nevada, United States","Jul 11, 2017",Daniel James Allen,Jacobi 'Big Toe' Jones,Heavyweight,Daniel James Allen,Decision (Unanimous),3,5:00,Kerry Hatley
"Dana White's Tuesday Night Contender Series - Season 1, Episode 1","UFC Training Center, Las Vegas, Nevada, United States","Jul 11, 2017",Stephanie 'Rondinha' Luciano,Talita 'The Problem Child' Alencar,Heavyweight,Stephanie 'Rondinha' Luciano,Draw (Unanimous),3,5:00,Jason Herzog
"Dana White's Tuesday Night Contender Series - Season 1, Episode 1","UFC Training Center, Las Vegas, Nevada, United States","Jul 11, 2017",Kaynan 'Bahia' Kruschewsky,Dylan 'The Quiet Man' Mantello,Heavyweight,Kaynan 'Bahia' Kruschewsky,Technical Submission (Rear-Naked Choke),1,2:52,Kerry Hatley
"Dana White's Tuesday Night Contender Series - Season 1, Episode 1","UFC Training Center, Las Vegas, Nevada, United States","Jul 11, 2017",Igor da Silva,Jhonata Silva,Heavyweight,Igor da Silva,TKO (Punches),2,2:37,Jason Herzog
"Dana White's Tuesday Night Contender Series - Season 1, Episode 1","UFC Training Center, Las Vegas, Nevada, United States","Jul 11, 2017",Jhonata Diniz,Eduardo 'Bbzao' Neves,Lightweight,Jhonata Diniz,KO (Punches),1,3:15,Jacob Montalvo
"Dana White's Tuesday Night Contender Series - Season 1, Episode 1","UFC Training Center, Las Vegas, Nevada, United States","Jul 11, 2017",Steven 'The Ninja' Nguyen,A.J. 'The Savage' Cunningham,Lightweight,Steven 'The Ninja' Nguyen,TKO (Punches),2,4:06,Mark Smith
"Dana White's Tuesday Night Contender Series - Season 1, Episode 1","UFC Training Center, Las Vegas, Nevada, United States","Jul 11, 2017",Julia Polastri,Patricia 'El Angel' Alujas,Lightweight,Julia Polastri,Submission (Rear-Naked Choke),2,4:05,Jacob Montalvo
"Dana White's Tuesday Night Contender Series - Season 1, Episode 1","UFC Training Center, Las Vegas, Nevada, United States","Jul 11, 2017",Jean Matsumoto,Kasey Tanner,Lightweight,Jean Matsumoto,Decision (Unanimous),3,5:00,Mark Smith
"Dana White's Tuesday Night Contender Series - Season 1, Episode 1","UFC Training Center, Las Vegas, Nevada, United States","Jul 11, 2017",Serhiy Sidey,Ramon 'The Savage' Taveras,Light Heavyweight,Serhiy Sidey,TKO (Punches),1,2:26,Kevin MacDonald
"Dana White's Tuesday Night Contender Series - Season 1, Episode 1","UFC Training Center, Las Vegas, Nevada, United States","Jul 11, 2017",Dylan 'The Mindless Hulk' Budka,Chad 'Superman' Hanekom,Light Heavyweight,Dylan 'The Mindless Hulk' Budka,Decision (Unanimous),3,5:00,Mark Smith
"Dana White's Tuesday Night Contender Series - Season 1, Episode 1","UFC Training Center, Las Vegas, Nevada, United States","Jul 11, 2017",Jean 'Lord' Silva,Kevin 'El Chino' Vallejos,Light Heavyweight,Jean 'Lord' Silva,Decision (Unanimous),3,5:00,Kevin MacDonald
"Dana White's Tuesday Night Contender Series - Season 1, Episode 1","UFC Training Center, Las Vegas, Nevada, United States","Jul 11, 2017",Dione 'The Witch' Barbosa,Rainn 'Drop' Guerrero,Light Heavyweight,Dione 'The Witch' Barbosa,Submission (Armbar),1,4:35,Mark Smith
"Dana White's Tuesday Night Contender Series - Season 1, Episode 1","UFC Training Center, Las Vegas, Nevada, United States","Jul 11, 2017",Marco 'Matuto' Tulio,Yousri 'Baby Face Assassin' Belgaroui,Welterweight,Marco 'Matuto' Tulio,Decision (Unanimous),3,5:00,Gary Copeland
"Dana White's Tuesday Night Contender Series - Season 1, Episode 1","UFC Training Center, Las Vegas, Nevada, United States","Jul 11, 2017",Timothy 'Twilight Timmy' Cuamba,Mateo Alejandro Vogel,Welterweight,Timothy 'Twilight Timmy' Cuamba,Decision (Unanimous),3,5:00,Jason Herzog
"Dana White's Tuesday Night Contender Series - Season 1, Episode 1","UFC Training Center, Las Vegas, Nevada, United States","Jul 11, 2017",Thomas 'The Train' Petersen,Chandler 'The Hammer' Cole,Welterweight,Thomas 'The Train' Petersen,Submission (Keylock),2,1:08,Jason Herzog
"Dana White's Tuesday Night Contender Series - Season 1, Episode 1","UFC Training Center, Las Vegas, Nevada, United States","Jul 11, 2017",Bolaji 'The Zulu Warrior' Oki,Dylan Salvador,Welterweight,Bolaji 'The Zulu Warrior' Oki,TKO (Punch to the Body),1,2:46,Gary Copeland
"Dana White's Tuesday Night Contender Series - Season 1, Episode 1","UFC Training Center, Las Vegas, Nevada, United States","Jul 11, 2017",Oban 'The Welsh Gangster' Elliott,Kaik Brito,Middleweight,Oban 'The Welsh Gangster' Elliott,Decision (Majority),3,5:00,Jacob Montalvo
"Dana White's Tuesday Night Contender Series - Season 1, Episode 1","UFC Training Center, Las Vegas, Nevada, United States","Jul 11, 2017",Josefine 'Little Thunder' Lindgren Knutsson,Isis 'Fight Queen' Verbeek,Middleweight,Josefine 'Little Thunder' Lindgren Knutsson,Decision (Unanimous),3,5:00,Mark Smith
"Dana White's Tuesday Night Contender Series - Season 1, Episode 1","UFC Training Center, Las Vegas, Nevada, United States","Jul 11, 2017",Luis 'Corazon de Leon' Pajuelo,Robbie 'Razor' Ring,Middleweight,Luis 'Corazon de Leon' Pajuelo,TKO (Knee to the Body and Punches),1,3:43,Jacob Montalvo
"Dana White's Tuesday Night Contender Series - Season 1, Episode 1","UFC Training Center, Las Vegas, Nevada, United States","Jul 11, 2017",Ibo 'The Last Ottoman' Aslan,Paulo Renato Jr.,Lightweight,Ibo 'The Last Ottoman' Aslan,TKO (Punches),1,2:22,Blake Grice
"Dana White's Tuesday Night Contender Series - Season 1, Episode 1","UFC Training Center, Las Vegas, Nevada, United States","Jul 11, 2017",Hyder 'The Hurricane' Amil,Emrah 'The Anatolian Wolf' Sonmez,Lightweight,Hyder 'The Hurricane' Amil,Decision (Unanimous),3,5:00,Herb Dean
"Dana White's Tuesday Night Contender Series - Season 1, Episode 1","UFC Training Center, Las Vegas, Nevada, United States","Jul 11, 2017",Eduarda 'Ronda' Moura,Janaina 'Jana Popozinha' Silva,Lightweight,Eduarda 'Ronda' Moura,Submission (Rear-Naked Choke),1,4:00,Blake Grice
"Dana White's Tuesday Night Contender Series - Season 1, Episode 1","UFC Training Center, Las Vegas, Nevada, United States","Jul 11, 2017",Charalampos 'Pampos' Grigoriou,Cameron 'The Baby-Faced Killer' Smotherman,Lightweight,Charalampos 'Pampos' Grigoriou,TKO (Punches),1,1:00,Herb Dean
"Dana White's Tuesday Night Contender Series - Season 1, Episode 1","UFC Training Center, Las Vegas, Nevada, United States","Jul 11, 2017",Tom 'Big Train' Nolan,Bogdan 'The Unleashed' Grad,Middleweight,Tom 'Big Train' Nolan,KO (Punches),1,1:23,Kerry Hatley
"Dana White's Tuesday Night Contender Series - Season 1, Episode 1","UFC Training Center, Las Vegas, Nevada, United States","Jul 11, 2017",Caio 'Bigfoot' Machado,Kevin Szaflarski,Middleweight,Caio 'Bigfoot' Machado,Decision (Unanimous),3,5:00,Chris Tognoni
"Dana White's Tuesday Night Contender Series - Season 1, Episode 1","UFC Training Center, Las Vegas, Nevada, United States","Jul 11, 2017",Payton Talbott,Reyes 'Junior' Cortez Jr.,Middleweight,Payton Talbott,Decision (Unanimous),3,5:00,Kerry Hatley
"Dana White's Tuesday Night Contender Series - Season 1, Episode 1","UFC Training Center, Las Vegas, Nevada, United States","Jul 11, 2017",Kevin 'El Gallo Negro' Borjas,Victor 'Pacoca' Dias,Middleweight,Kevin 'El Gallo Negro' Borjas,Decision (Unanimous),3,5:00,Chris Tognoni
"Dana White's Tuesday Night Contender Series - Season 1, Episode 1","UFC Training Center, Las Vegas, Nevada, United States","Jul 11, 2017",Sam 'The Future' Patterson,Vinicius 'Chambinho' Sacchelli Cenci,Middleweight,Sam 'The Future' Patterson,Submission (Rear-Naked Choke),2,4:18,Jason Herzog
"Dana White's Tuesday Night Contender Series - Season 1, Episode 1","UFC Training Center, Las Vegas, Nevada, United States","Jul 11, 2017",Jack 'Phar' Jenkins,Emiliano 'Golden Bull' Linares,Middleweight,Jack 'Phar' Jenkins,TKO (Punches),3,4:30,Mark Smith
"Dana White's Tuesday Night Contender Series - Season 1, Episode 1","UFC Training Center, Las Vegas, Nevada, United States","Jul 11, 2017",Rafael 'Macapa' Estevam,Joao 'Alicate' Elias,Middleweight,Rafael 'Macapa' Estevam,TKO (Punches),2,2:25,Jason Herzog
"Dana White's Tuesday Night Contender Series - Season 1, Episode 1","UFC Training Center, Las Vegas, Nevada, United States","Jul 11, 2017",Mateus 'Bocao' Mendonca,Ashiek Ajim,Middleweight,Mateus 'Bocao' Mendonca,KO (Punches),1,0:48,Mark Smith
"Dana White's Tuesday Night Contender Series - Season 1, Episode 1","UFC Training Center, Las Vegas, Nevada, United States","Jul 11, 2017",Raul 'El Nino Problema' Rosas Jr.,Mando 'El Toro' Gutierrez,Middleweight,Raul 'El Nino Problema' Rosas Jr.,Decision (Unanimous),3,5:00,Jason Herzog
"Dana White's Tuesday Night Contender Series - Season 1, Episode 1","UFC Training Center, Las Vegas, Nevada, United States","Jul 11, 2017",Austen Lane,Richard Jacobi,Middleweight,Austen Lane,TKO (Punches),1,4:34,Mark Smith
"Dana White's Tuesday Night Contender Series - Season 1, Episode 1","UFC Training Center, Las Vegas, Nevada, United States","Jul 11, 2017",Nurullo 'Tajik Eagle' Aliev,Josh 'The White Mamba' Wick,Middleweight,Nurullo 'Tajik Eagle' Aliev,TKO (Punches),1,4:36,Jason Herzog
"Dana White's Tuesday Night Contender Series - Season 1, Episode 1","UFC Training Center, Las Vegas, Nevada, United States","Jul 11, 2017",Jafel 'Pastor' Filho,Roybert 'The Unbroken' Echeverria,Middleweight,Jafel 'Pastor' Filho,TKO (Punches),3,1:31,Mark Smith
"Dana White's Tuesday Night Contender Series - Season 1, Episode 1","UFC Training Center, Las Vegas, Nevada, United States","Jul 11, 2017",Ikram Aliskerov,Mario Filipe 'Coracao Valente' de Sousa,Bantamweight,Ikram Aliskerov,Submission (Kimura),1,2:09,Mark Smith
"Dana White's Tuesday Night Contender Series - Season 1, Episode 1","UFC Training Center, Las Vegas, Nevada, United States","Jul 11, 2017",Trevor Peek,Malik 'Hard Knock' Lewis,Bantamweight,Trevor Peek,TKO (Punches),2,2:37,Mike Beltran
"Dana White's Tuesday Night Contender Series - Season 1, Episode 1","UFC Training Center, Las Vegas, Nevada, United States","Jul 11, 2017",Bruna 'The Special One' Brasil,Marnic 'The Sawed-Off Savage' Mann,Bantamweight,Bruna 'The Special One' Brasil,KO (Head Kick),2,4:33,Mark Smith
"Dana White's Tuesday Night Contender Series - Season 1, Episode 1","UFC Training Center, Las Vegas, Nevada, United States","Jul 11, 2017",Daniel 'Soncora' Marcos,Brandon 'Superman' Lewis,Bantamweight,Daniel 'Soncora' Marcos,Decision (Unanimous),3,5:00,Mike Beltran
"Dana White's Tuesday Night Contender Series - Season 1, Episode 1","UFC Training Center, Las Vegas, Nevada, United States","Jul 11, 2017",Gabriel 'Marretinha' Bonfim,Trey 'The Truth' Waters,Light Heavyweight,Gabriel 'Marretinha' Bonfim,Submission (Shoulder Choke),1,4:13,Herb Dean
"Dana White's Tuesday Night Contender Series - Season 1, Episode 1","UFC Training Center, Las Vegas, Nevada, United States","Jul 11, 2017",Karl Williams,Jimmy 'Greedy' Lawson,Light Heavyweight,Karl Williams,Decision (Unanimous),3,5:00,Mark Smith
"Dana White's Tuesday Night Contender Series - Season 1, Episode 1","UFC Training Center, Las Vegas, Nevada, United States","Jul 11, 2017",Ismael 'Marreta' Bonfim,Nariman Abbasov,Light Heavyweight,Ismael 'Marreta' Bonfim,Decision (Unanimous),3,5:00,Herb Dean
"Dana White's Tuesday Night Contender Series - Season 1, Episode 1","UFC Training Center, Las Vegas, Nevada, United States","Jul 11, 2017",Tereza Bleda,Nayara Arnault Maia Correia,Light Heavyweight,Tereza Bleda,Decision (Unanimous),3,5:00,Mark Smith
"Dana White's Tuesday Night Contender Series - Season 1, Episode 1","UFC Training Center, Las Vegas, Nevada, United States","Jul 11, 2017",Sedriques 'The Reaper' Dumas,Matej 'Money' Penaz,Welterweight,Sedriques 'The Reaper' Dumas,Submission (Guillotine Choke),1,0:47,Mike Beltran
"Dana White's Tuesday Night Contender Series - Season 1, Episode 1","UFC Training Center, Las Vegas, Nevada, United States","Jul 11, 2017",Mateusz 'Chinczyk' Rebecki,Rodrigo 'The Dynamis' Lidio,Welterweight,Mateusz 'Chinczyk' Rebecki,Submission (Rear-Naked Choke),1,3:05,Jason Herzog
"Dana White's Tuesday Night Contender Series - Season 1, Episode 1","UFC Training Center, Las Vegas, Nevada, United States","Jul 11, 2017",Victoria Dudakova,Maria 'Viuva Negra' Silva,Welterweight,Victoria Dudakova,Decision (Unanimous),3,5:00,Mike Beltran
"Dana White's Tuesday Night Contender Series - Season 1, Episode 1","UFC Training Center, Las Vegas, Nevada, United States","Jul 11, 2017",Blake 'El Animal' Bilder,Alex 'The Chess Master' Morgan,Welterweight,Blake 'El Animal' Bilder,Submission (Rear-Naked Choke),1,3:15,Jason Herzog
"Dana White's Tuesday Night Contender Series - Season 1, Episode 1","UFC Training Center, Las Vegas, Nevada, United States","Jul 11, 2017",Darrius 'Beast Mode' Flowers,Amiran 'The Sniper' Gogoladze,Heavyweight,Darrius 'Beast Mode' Flowers,TKO (Submission to Slam),1,1:13,Jason Herzog
"Dana White's Tuesday Night Contender Series - Season 1, Episode 1","UFC Training Center, Las Vegas, Nevada, United States","Jul 11, 2017",Jesus Santos Aguilar,Erisson 'Gato' Ferreira,Heavyweight,Jesus Santos Aguilar,Submission (Guillotine Choke),3,1:56,Mike Beltran
"Dana White's Tuesday Night Contender Series - Season 1, Episode 1","UFC Training Center, Las Vegas, Nevada, United States","Jul 11, 2017",Cameron Saaiman,Josh Wang Kim,Heavyweight,Cameron Saaiman,KO (Punch),3,2:52,Jason Herzog
"Dana White's Tuesday Night Contender Series - Season 1, Episode 1","UFC Training Center, Las Vegas, Nevada, United States","Jul 11, 2017",Denise Gomes,Rayanne dos Santos,Heavyweight,Denise Gomes,Decision (Unanimous),3,5:00,Mike Beltran
"Dana White's Tuesday Night Contender Series - Season 1, Episode 1","UFC Training Center, Las Vegas, Nevada, United States","Jul 11, 2017",Claudio Ribeiro,Ivan 'Bam Bam' Valenzuela,Lightweight,Claudio Ribeiro,KO (Punch),1,0:25,Jason Herzog
"Dana White's Tuesday Night Contender Series - Season 1, Episode 1","UFC Training Center, Las Vegas, Nevada, United States","Jul 11, 2017",Jose 'No Way' Johnson,Jack Cartwright,Lightweight,Jose 'No Way' Johnson,Decision (Unanimous),3,5:00,Mark Smith
"Dana White's Tuesday Night Contender Series - Season 1, Episode 1","UFC Training Center, Las Vegas, Nevada, United States","Jul 11, 2017",Hailey 'All Hail' Cowan,Claudia Leite,Lightweight,Hailey 'All Hail' Cowan,Decision (Split),3,5:00,Mark Smith
"Dana White's Tuesday Night Contender Series - Season 1, Episode 1","UFC Training Center, Las Vegas, Nevada, United States","Jul 11, 2017",Nazim 'Black Wolf' Sadykhov,Ahmad Sohail 'Lion of the Ring' Hassanzada,Lightweight,Nazim 'Black Wolf' Sadykhov,KO (Punch),3,1:59,Jason Herzog
"Dana White's Tuesday Night Contender Series - Season 1, Episode 1","UFC Training Center, Las Vegas, Nevada, United States","Jul 11, 2017",Jamal 'The Stormtrooper' Pogues,Paulo Renato Jr.,188lbCatchweight,Jamal 'The Stormtrooper' Pogues,Decision (Unanimous),3,5:00,Chris Tognoni
"Dana White's Tuesday Night Contender Series - Season 1, Episode 1","UFC Training Center, Las Vegas, Nevada, United States","Jul 11, 2017",Erik 'The King' Silva,Anvar 'The Uzbek' Boynazarov,188lbCatchweight,Erik 'The King' Silva,TKO (Elbows and Punches),1,1:32,Mike Beltran
"Dana White's Tuesday Night Contender Series - Season 1, Episode 1","UFC Training Center, Las Vegas, Nevada, United States","Jul 11, 2017",Clayton Carpenter,Edgar 'Puro Chicali' Chairez,188lbCatchweight,Clayton Carpenter,Decision (Unanimous),3,5:00,Chris Tognoni
"Dana White's Tuesday Night Contender Series - Season 1, Episode 1","UFC Training Center, Las Vegas, Nevada, United States","Jul 11, 2017",Karolina 'Polish Assassin' Wojcik,Sandra 'Peruvian Zombie' Lavado,188lbCatchweight,Karolina 'Polish Assassin' Wojcik,Decision (Unanimous),3,5:00,Mike Beltran
"Dana White's Tuesday Night Contender Series - Season 1, Episode 1","UFC Training Center, Las Vegas, Nevada, United States","Jul 11, 2017",Vinicius 'Fenomeno' Salvador,Shannon 'The Turkish Delight' Ross,Lightweight,Vinicius 'Fenomeno' Salvador,TKO (Punches),2,4:22,Herb Dean
"Dana White's Tuesday Night Contender Series - Season 1, Episode 1","UFC Training Center, Las Vegas, Nevada, United States","Jul 11, 2017",Francis 'Fire' Marshall,Connor 'Bad News' Matthews,Lightweight,Francis 'Fire' Marshall,Decision (Unanimous),3,5:00,Mark Smith
"Dana White's Tuesday Night Contender Series - Season 1, Episode 1","UFC Training Center, Las Vegas, Nevada, United States","Jul 11, 2017",Waldo 'Salsa Boy' Cortes-Acosta,Danilo 'Dan' Suzart,Lightweight,Waldo 'Salsa Boy' Cortes-Acosta,TKO (Punches),1,3:40,Herb Dean
"Dana White's Tuesday Night Contender Series - Season 1, Episode 1","UFC Training Center, Las Vegas, Nevada, United States","Jul 11, 2017",Billy Goff,Shimon 'Assassin' Smotritsky,Lightweight,Billy Goff,TKO (Punches),1,3:37,Mark Smith
"Dana White's Tuesday Night Contender Series - Season 1, Episode 1","UFC Training Center, Las Vegas, Nevada, United States","Jul 11, 2017",Anton 'The Pleasure Man' Turkalj,Acacio 'Pequeno' dos Santos,Middleweight,Anton 'The Pleasure Man' Turkalj,Decision (Unanimous),3,5:00,Chris Tognoni
"Dana White's Tuesday Night Contender Series - Season 1, Episode 1","UFC Training Center, Las Vegas, Nevada, United States","Jul 11, 2017",Dennis 'The Great' Buzukja,Kaleio 'K.O.' Romero,Middleweight,Dennis 'The Great' Buzukja,Decision (Unanimous),3,5:00,Mike Beltran
"Dana White's Tuesday Night Contender Series - Season 1, Episode 1","UFC Training Center, Las Vegas, Nevada, United States","Jul 11, 2017",Alessandro 'Nono' Costa,Juan Andres Luna Martinetti,Middleweight,Alessandro 'Nono' Costa,Decision (Split),3,5:00,Chris Tognoni
"Dana White's Tuesday Night Contender Series - Season 1, Episode 1","UFC Training Center, Las Vegas, Nevada, United States","Jul 11, 2017",Yohan 'White Lion' Lainesse,Justin Burlinson,Lightweight,Yohan 'White Lion' Lainesse,KO (Punches),1,1:37,Herb Dean
"Dana White's Tuesday Night Contender Series - Season 1, Episode 1","UFC Training Center, Las Vegas, Nevada, United States","Jul 11, 2017",Erisson 'Gato' Ferreira,Lun 'Tibetan Knight' Qiu,Lightweight,Erisson 'Gato' Ferreira,Decision (Unanimous),3,5:00,Mike Beltran
"Dana White's Tuesday Night Contender Series - Season 1, Episode 1","UFC Training Center, Las Vegas, Nevada, United States","Jul 11, 2017",Jonas 'Jake' Bilharinho,Canaan Kawaihae,Lightweight,Jonas 'Jake' Bilharinho,KO (Spinning Wheel Kick),3,4:00,Herb Dean
"Dana White's Tuesday Night Contender Series - Season 1, Episode 1","UFC Training Center, Las Vegas, Nevada, United States","Jul 11, 2017",Juan 'Leadfeather' Puerta,Zhifa 'Dongbei Flying Tiger' Shang,Lightweight,Juan 'Leadfeather' Puerta,Decision (Split),3,5:00,Mike Beltran
"Dana White's Tuesday Night Contender Series - Season 1, Episode 1","UFC Training Center, Las Vegas, Nevada, United States","Jul 11, 2017",Cristian 'El Nino Problema' Quinonez,Long Xiao,Middleweight,Cristian 'El Nino Problema' Quinonez,Decision (Unanimous),3,5:00,Mark Smith
"Dana White's Tuesday Night Contender Series - Season 1, Episode 1","UFC Training Center, Las Vegas, Nevada, United States","Jul 11, 2017",Javid 'The Snow Leopard' Basharat,Oron Kahlon,Middleweight,Javid 'The Snow Leopard' Basharat,Submission (Guillotine Choke),3,4:12,Herb Dean
"Dana White's Tuesday Night Contender Series - Season 1, Episode 1","UFC Training Center, Las Vegas, Nevada, United States","Jul 11, 2017",Karine 'Killer' Silva,Qihui 'Queen Kong' Yan,Middleweight,Karine 'Killer' Silva,Submission (Guillotine Choke),2,1:44,Mark Smith
"Dana White's Tuesday Night Contender Series - Season 1, Episode 1","UFC Training Center, Las Vegas, Nevada, United States","Jul 11, 2017",Manuel 'El Loco' Torres,Kolton 'The White Assassin' Englund,Middleweight,Manuel 'El Loco' Torres,TKO (Punches),1,2:10,Herb Dean
"Dana White's Tuesday Night Contender Series - Season 1, Episode 1","UFC Training Center, Las Vegas, Nevada, United States","Jul 11, 2017",Olivier 'Warrior of God' Murad,Bin 'The Stalker' Xie,Middleweight,Olivier 'Warrior of God' Murad,Decision (Split),3,5:00,Mark Smith
"Dana White's Tuesday Night Contender Series - Season 1, Episode 1","UFC Training Center, Las Vegas, Nevada, United States","Jul 11, 2017",Piera 'La Fiera' Rodriguez,Valesca 'Tina Black' Machado,Welterweight,Piera 'La Fiera' Rodriguez,Decision (Unanimous),3,5:00,Chris Tognoni
"Dana White's Tuesday Night Contender Series - Season 1, Episode 1","UFC Training Center, Las Vegas, Nevada, United States","Jul 11, 2017",Caio 'The Natural' Borralho,Jesse 'Hollywood' Murray,Welterweight,Caio 'The Natural' Borralho,TKO (Punches),1,1:41,Mike Beltran
"Dana White's Tuesday Night Contender Series - Season 1, Episode 1","UFC Training Center, Las Vegas, Nevada, United States","Jul 11, 2017",Armen 'Superman' Petrosyan,Kaloyan Kolev,Welterweight,Armen 'Superman' Petrosyan,KO (Head Kick and Punches),1,4:27,Chris Tognoni
"Dana White's Tuesday Night Contender Series - Season 1, Episode 1","UFC Training Center, Las Vegas, Nevada, United States","Jul 11, 2017",Pedro 'Pedrinho' Falcao,James 'Mooka' Barnes,Welterweight,Pedro 'Pedrinho' Falcao,KO (Punches),3,3:55,Mike Beltran
"Dana White's Tuesday Night Contender Series - Season 1, Episode 1","UFC Training Center, Las Vegas, Nevada, United States","Jul 11, 2017",Martin 'Badys' Buday,Lorenzo 'The Dream Killer' Hood,Bantamweight,Martin 'Badys' Buday,TKO (Knee),1,4:56,Mark Smith
"Dana White's Tuesday Night Contender Series - Season 1, Episode 1","UFC Training Center, Las Vegas, Nevada, United States","Jul 11, 2017",Jake 'White Kong' Hadley,Mitch Raposo,Bantamweight,Jake 'White Kong' Hadley,Submission (Rear-Naked Choke),2,3:11,Jason Herzog
"Dana White's Tuesday Night Contender Series - Season 1, Episode 1","UFC Training Center, Las Vegas, Nevada, United States","Jul 11, 2017",Viacheslav 'Slava' Borshchev,Chris 'The Problem' Duncan,Bantamweight,Viacheslav 'Slava' Borshchev,KO (Punch),2,0:28,Mark Smith
"Dana White's Tuesday Night Contender Series - Season 1, Episode 1","UFC Training Center, Las Vegas, Nevada, United States","Jul 11, 2017",Maria 'Viuva Negra' Silva,Kathryn Paprocki,Bantamweight,Maria 'Viuva Negra' Silva,Decision (Unanimous),3,5:00,Jason Herzog
"Dana White's Tuesday Night Contender Series - Season 1, Episode 1","UFC Training Center, Las Vegas, Nevada, United States","Jul 11, 2017",Carlos Hernandez,Daniel Barez,Welterweight,Carlos Hernandez,Decision (Split),3,5:00,Chris Tognoni
"Dana White's Tuesday Night Contender Series - Season 1, Episode 1","UFC Training Center, Las Vegas, Nevada, United States","Jul 11, 2017",Fernie Garcia,Joshua 'Wide Open' Weems,Welterweight,Fernie Garcia,TKO (Punches),1,2:10,Herb Dean
"Dana White's Tuesday Night Contender Series - Season 1, Episode 1","UFC Training Center, Las Vegas, Nevada, United States","Jul 11, 2017",Joseph 'Ugly Man' Holmes,Shonte 'Shyne' Barnes,Welterweight,Joseph 'Ugly Man' Holmes,Submission (Rear-Naked Choke),2,2:46,Chris Tognoni
"Dana White's Tuesday Night Contender Series - Season 1, Episode 1","UFC Training Center, Las Vegas, Nevada, United States","Jul 11, 2017",Genaro 'Rayadito' Valdez,Patrik 'Primetime' White,Welterweight,Genaro 'Rayadito' Valdez,TKO (Punches),2,0:44,Herb Dean
"Dana White's Tuesday Night Contender Series - Season 1, Episode 1","UFC Training Center, Las Vegas, Nevada, United States","Jul 11, 2017",Caio 'The Natural' Borralho,Aaron Jeffery,Light Heavyweight,Caio 'The Natural' Borralho,Decision (Unanimous),3,5:00,Mark Smith
"Dana White's Tuesday Night Contender Series - Season 1, Episode 1","UFC Training Center, Las Vegas, Nevada, United States","Jul 11, 2017",Daniel 'Golden Boy' Zellhuber,Lucas Almeida,Light Heavyweight,Daniel 'Golden Boy' Zellhuber,Decision (Unanimous),3,5:00,Jason Herzog
"Dana White's Tuesday Night Contender Series - Season 1, Episode 1","UFC Training Center, Las Vegas, Nevada, United States","Jul 11, 2017",Rizvan Kuniev,Edivan 'Pe de Sapo' Santos,Light Heavyweight,Rizvan Kuniev,TKO (Punches),3,1:00,Mark Smith
"Dana White's Tuesday Night Contender Series - Season 1, Episode 1","UFC Training Center, Las Vegas, Nevada, United States","Jul 11, 2017",Michael Morales,Nikolay Veretennikov,Middleweight,Michael Morales,Decision (Unanimous),3,5:00,Mark Smith
"Dana White's Tuesday Night Contender Series - Season 1, Episode 1","UFC Training Center, Las Vegas, Nevada, United States","Jul 11, 2017",Steven 'The Ninja' Nguyen,Theo Rlayang,Middleweight,Steven 'The Ninja' Nguyen,Decision (Unanimous),3,5:00,Mike Beltran
"Dana White's Tuesday Night Contender Series - Season 1, Episode 1","UFC Training Center, Las Vegas, Nevada, United States","Jul 11, 2017",Kleydson 'K.R.' Rodrigues,Santo Curatolo,Middleweight,Kleydson 'K.R.' Rodrigues,Decision (Unanimous),3,5:00,Mark Smith
"Dana White's Tuesday Night Contender Series - Season 1, Episode 1","UFC Training Center, Las Vegas, Nevada, United States","Jul 11, 2017",Victor 'The Brick' Martinez,Jacob 'Lil' Badger' Rosales,Middleweight,Victor 'The Brick' Martinez,Decision (Unanimous),3,5:00,Mike Beltran
"Dana White's Tuesday Night Contender Series - Season 1, Episode 1","UFC Training Center, Las Vegas, Nevada, United States","Jul 11, 2017",Mo 'Mo Show' Miller,Brandon 'Superman' Lewis,Light Heavyweight,Mo 'Mo Show' Miller,Decision (Unanimous),3,5:00,Mark Smith
"Dana White's Tuesday Night Contender Series - Season 1, Episode 1","UFC Training Center, Las Vegas, Nevada, United States","Jul 11, 2017",Albert 'Machete' Duraev,Caio 'Leao' Bitencourt,Light Heavyweight,Albert 'Machete' Duraev,Submission (Neck Crank),1,3:29,Jason Herzog
"Dana White's Tuesday Night Contender Series - Season 1, Episode 1","UFC Training Center, Las Vegas, Nevada, United States","Jul 11, 2017",Lukasz Brzeski,Dylan 'Big Poppa' Potter,Light Heavyweight,Lukasz Brzeski,No Contest (Overturned),3,3:51,Mark Smith
"Dana White's Tuesday Night Contender Series - Season 1, Episode 1","UFC Training Center, Las Vegas, Nevada, United States","Jul 11, 2017",Jack Della Maddalena,Ange 'The Last Ninja' Loosa,Light Heavyweight,Jack Della Maddalena,Decision (Unanimous),3,5:00,Jason Herzog
"Dana White's Tuesday Night Contender Series - Season 1, Episode 1","UFC Training Center, Las Vegas, Nevada, United States","Jul 11, 2017",Jasmine Jasudavicius,Julia Polastri,Light Heavyweight,Jasmine Jasudavicius,Decision (Unanimous),3,5:00,Mark Smith
"Dana White's Tuesday Night Contender Series - Season 1, Episode 1","UFC Training Center, Las Vegas, Nevada, United States","Jul 11, 2017",Chidi 'Chidi Bang Bang' Njokuani,Mario Filipe 'Coracao Valente' de Sousa,Welterweight,Chidi 'Chidi Bang Bang' Njokuani,TKO (Elbows),3,1:35,Herb Dean
"Dana White's Tuesday Night Contender Series - Season 1, Episode 1","UFC Training Center, Las Vegas, Nevada, United States","Jul 11, 2017",Saimon Oliveira,Jose 'El Pochito' Alday,Welterweight,Saimon Oliveira,Decision (Split),3,5:00,Mike Beltran
"Dana White's Tuesday Night Contender Series - Season 1, Episode 1","UFC Training Center, Las Vegas, Nevada, United States","Jul 11, 2017",C.J. Vergara,Bruno 'Korea' Mesquita,Welterweight,C.J. Vergara,KO (Knee to the Body),1,0:41,Herb Dean
"Dana White's Tuesday Night Contender Series - Season 1, Episode 1","UFC Training Center, Las Vegas, Nevada, United States","Jul 11, 2017",Chad 'The Monster' Anheliger,Muin 'Tajik' Gafurov,Welterweight,Chad 'The Monster' Anheliger,Decision (Split),3,5:00,Mike Beltran
"Dana White's Tuesday Night Contender Series - Season 1, Episode 1","UFC Training Center, Las Vegas, Nevada, United States","Jul 11, 2017",Joanderson 'Tubarao' Brito,Diego Lopes,Light Heavyweight,Joanderson 'Tubarao' Brito,Technical Decision (Unanimous),3,0:10,Chris Tognoni
"Dana White's Tuesday Night Contender Series - Season 1, Episode 1","UFC Training Center, Las Vegas, Nevada, United States","Jul 11, 2017",Victor 'El Magnifico' Altamirano,Carlos 'The Cannon' Candelario,Light Heavyweight,Victor 'El Magnifico' Altamirano,Decision (Split),3,5:00,Herb Dean
"Dana White's Tuesday Night Contender Series - Season 1, Episode 1","UFC Training Center, Las Vegas, Nevada, United States","Jul 11, 2017",A.J. 'The Ghost' Fletcher,Leonardo 'Ram' Damiani,Light Heavyweight,A.J. 'The Ghost' Fletcher,KO (Flying Knee),1,2:24,Chris Tognoni
"Dana White's Tuesday Night Contender Series - Season 1, Episode 1","UFC Training Center, Las Vegas, Nevada, United States","Jul 11, 2017",Nick Maximov,Oscar 'Elevation' Cota,Flyweight,Nick Maximov,Decision (Unanimous),3,5:00,Jason Herzog
"Dana White's Tuesday Night Contender Series - Season 1, Episode 1","UFC Training Center, Las Vegas, Nevada, United States","Jul 11, 2017",Gloria 'Glorinha' de Paula,Pauline 'Pita' Macias,Flyweight,Gloria 'Glorinha' de Paula,Decision (Unanimous),3,5:00,Marc Goddard
"Dana White's Tuesday Night Contender Series - Season 1, Episode 1","UFC Training Center, Las Vegas, Nevada, United States","Jul 11, 2017",Tucker 'Top Gun' Lutz,Sherrard 'The Savage' Blackledge,Flyweight,Tucker 'Top Gun' Lutz,Decision (Unanimous),3,5:00,Jason Herzog
"Dana White's Tuesday Night Contender Series - Season 1, Episode 1","UFC Training Center, Las Vegas, Nevada, United States","Jul 11, 2017",Victoria 'Fury' Leonardo,Chelsea 'Hammer' Hackett,Flyweight,Victoria 'Fury' Leonardo,TKO (Punches),2,4:41,Marc Goddard
"Dana White's Tuesday Night Contender Series - Season 1, Episode 1","UFC Training Center, Las Vegas, Nevada, United States","Jul 11, 2017",Natan 'Lethal' Levy,Shaheen 'Shazam' Santana,Middleweight,Natan 'Lethal' Levy,Technical Submission (Arm-Triangle Choke),3,0:55,Jason Herzog
"Dana White's Tuesday Night Contender Series - Season 1, Episode 1","UFC Training Center, Las Vegas, Nevada, United States","Jul 11, 2017",Nikolas 'Iron' Motta,Joseph Lowry,Middleweight,Nikolas 'Iron' Motta,Decision (Unanimous),3,5:00,Mark Smith
"Dana White's Tuesday Night Contender Series - Season 1, Episode 1","UFC Training Center, Las Vegas, Nevada, United States","Jul 11, 2017",Luana Pinheiro,Stephanie 'Macaquinha' Frausto,Middleweight,Luana Pinheiro,KO (Punches),1,2:48,Jason Herzog
"Dana White's Tuesday Night Contender Series - Season 1, Episode 1","UFC Training Center, Las Vegas, Nevada, United States","Jul 11, 2017",Danny 'The Italian Gangster' Sabatello,Taylor Moore,Middleweight,Danny 'The Italian Gangster' Sabatello,Decision (Unanimous),3,5:00,Mark Smith
"Dana White's Tuesday Night Contender Series - Season 1, Episode 1","UFC Training Center, Las Vegas, Nevada, United States","Jul 11, 2017",Ignacio 'La Jaula' Bahamondes,Edson Gomez,Light Heavyweight,Ignacio 'La Jaula' Bahamondes,KO (Front Kick),2,2:31,Jason Herzog
"Dana White's Tuesday Night Contender Series - Season 1, Episode 1","UFC Training Center, Las Vegas, Nevada, United States","Jul 11, 2017",Luis Saldana,Vince Murdock,Light Heavyweight,Luis Saldana,TKO (Punches),3,0:44,Herb Dean
"Dana White's Tuesday Night Contender Series - Season 1, Episode 1","UFC Training Center, Las Vegas, Nevada, United States","Jul 11, 2017",Jared 'The Mountain' Vanderaa,Harry 'The Hurricane' Hunsucker,Light Heavyweight,Jared 'The Mountain' Vanderaa,TKO (Punches),1,3:34,Jason Herzog
"Dana White's Tuesday Night Contender Series - Season 1, Episode 1","UFC Training Center, Las Vegas, Nevada, United States","Jul 11, 2017",Collin Anglin,Muhammadjon 'Hillman' Naimov,Middleweight,Collin Anglin,Decision (Unanimous),3,5:00,Mark Smith
"Dana White's Tuesday Night Contender Series - Season 1, Episode 1","UFC Training Center, Las Vegas, Nevada, United States","Jul 11, 2017",Michael 'The Don' Lombardo,Korey Kuppe,Middleweight,Michael 'The Don' Lombardo,Decision (Unanimous),3,5:00,Mark Smith
"Dana White's Tuesday Night Contender Series - Season 1, Episode 1","UFC Training Center, Las Vegas, Nevada, United States","Jul 11, 2017",Danyelle Wolf,Taneisha 'Triple Threat' Tennant,Middleweight,Danyelle Wolf,Decision (Unanimous),3,5:00,Mark Smith
"Dana White's Tuesday Night Contender Series - Season 1, Episode 1","UFC Training Center, Las Vegas, Nevada, United States","Jul 11, 2017",Kyle Driscoll,Dinis 'Sweetbread' Paiva,Middleweight,Kyle Driscoll,Decision (Unanimous),3,5:00,Mark Smith
"Dana White's Tuesday Night Contender Series - Season 1, Episode 1","UFC Training Center, Las Vegas, Nevada, United States","Jul 11, 2017",Sherrard 'The Savage' Blackledge,Cameron Church,Light Heavyweight,Sherrard 'The Savage' Blackledge,Decision (Unanimous),3,5:00,Marc Goddard
"Dana White's Tuesday Night Contender Series - Season 1, Episode 1","UFC Training Center, Las Vegas, Nevada, United States","Jul 11, 2017",Phil 'No Hype' Hawes,Khadzhimurat Bestaev,Light Heavyweight,Phil 'No Hype' Hawes,TKO (Punches),1,1:18,Chris Tognoni
"Dana White's Tuesday Night Contender Series - Season 1, Episode 1","UFC Training Center, Las Vegas, Nevada, United States","Jul 11, 2017",Drako 'The Great Drakolini' Rodriguez,Leomana 'Manaboi' Martinez,Light Heavyweight,Drako 'The Great Drakolini' Rodriguez,Technical Submission (Triangle Choke),1,2:22,Marc Goddard
"Dana White's Tuesday Night Contender Series - Season 1, Episode 1","UFC Training Center, Las Vegas, Nevada, United States","Jul 11, 2017",Aliaskhab Khizriev,Henrique Shiguemoto,Light Heavyweight,Aliaskhab Khizriev,Submission (Rear-Naked Choke),1,0:50,Chris Tognoni
"Dana White's Tuesday Night Contender Series - Season 1, Episode 1","UFC Training Center, Las Vegas, Nevada, United States","Jul 11, 2017",Jimmy 'The Brick' Flick,Nate 'The Savage' Smith,Featherweight,Jimmy 'The Brick' Flick,Submission (Arm-Triangle Choke),3,3:15,Herb Dean
"Dana White's Tuesday Night Contender Series - Season 1, Episode 1","UFC Training Center, Las Vegas, Nevada, United States","Jul 11, 2017",Ronnie 'The Heat' Lawrence,Jose 'No Way' Johnson,Featherweight,Ronnie 'The Heat' Lawrence,Decision (Unanimous),3,5:00,Mark Smith
"Dana White's Tuesday Night Contender Series - Season 1, Episode 1","UFC Training Center, Las Vegas, Nevada, United States","Jul 11, 2017",William 'Knightmare' Knight,Cody Brundage,Featherweight,William 'Knightmare' Knight,TKO (Elbows and Punches),1,2:23,Herb Dean
"Dana White's Tuesday Night Contender Series - Season 1, Episode 1","UFC Training Center, Las Vegas, Nevada, United States","Jul 11, 2017",Tucker 'Top Gun' Lutz,Chase 'El Guero' Gibson,Featherweight,Tucker 'Top Gun' Lutz,Decision (Unanimous),3,5:00,Mark Smith
"Dana White's Tuesday Night Contender Series - Season 1, Episode 1","UFC Training Center, Las Vegas, Nevada, United States","Jul 11, 2017",Rafael 'The Turn' Alves,Alejandro 'El Gallito' Flores,Middleweight,Rafael 'The Turn' Alves,Submission (Guillotine Choke),2,2:55,Herb Dean
"Dana White's Tuesday Night Contender Series - Season 1, Episode 1","UFC Training Center, Las Vegas, Nevada, United States","Jul 11, 2017",Jeff 'El Jefe' Molina,Jacob 'Lil' Animal' Silva,Middleweight,Jeff 'El Jefe' Molina,Decision (Unanimous),3,5:00,Mark Smith
"Dana White's Tuesday Night Contender Series - Season 1, Episode 1","UFC Training Center, Las Vegas, Nevada, United States","Jul 11, 2017",Anthony 'The Genius' Romero,Mike 'Money' Breeden,Middleweight,Anthony 'The Genius' Romero,Decision (Unanimous),3,5:00,Herb Dean
"Dana White's Tuesday Night Contender Series - Season 1, Episode 1","UFC Training Center, Las Vegas, Nevada, United States","Jul 11, 2017",Collin 'Huck Wild' Huckbody,Kyron 'Mamba' Bowen,Middleweight,Collin 'Huck Wild' Huckbody,Submission (Arm-Triangle Choke),1,1:28,Mark Smith
"Dana White's Tuesday Night Contender Series - Season 1, Episode 1","UFC Training Center, Las Vegas, Nevada, United States","Jul 11, 2017",Cheyanne 'The Warrior Princess' Vlismas,Hilarie Rose,Welterweight,Cheyanne 'The Warrior Princess' Vlismas,Decision (Unanimous),3,5:00,Marc Goddard
"Dana White's Tuesday Night Contender Series - Season 1, Episode 1","UFC Training Center, Las Vegas, Nevada, United States","Jul 11, 2017",Orion 'Galaxy' Cosce,Matt 'Magic' Dixon,Welterweight,Orion 'Galaxy' Cosce,TKO (Punches),3,4:42,Marc Goddard
"Dana White's Tuesday Night Contender Series - Season 1, Episode 1","UFC Training Center, Las Vegas, Nevada, United States","Jul 11, 2017",Josh Parisian,Chad 'Big Rig' Johnson,Welterweight,Josh Parisian,KO (Punches),1,3:43,Chris Tognoni
"Dana White's Tuesday Night Contender Series - Season 1, Episode 1","UFC Training Center, Las Vegas, Nevada, United States","Jul 11, 2017",Kenneth 'The Boss' Cross,Kevin 'El Nino Bala' Syler,Welterweight,Kenneth 'The Boss' Cross,Decision (Unanimous),3,5:00,Marc Goddard
"Dana White's Tuesday Night Contender Series - Season 1, Episode 1","UFC Training Center, Las Vegas, Nevada, United States","Jul 11, 2017",Adrian Yanez,Brady 'The Kung Fu Warrior' Huang,Middleweight,Adrian Yanez,TKO (Punches),1,0:39,Jason Herzog
"Dana White's Tuesday Night Contender Series - Season 1, Episode 1","UFC Training Center, Las Vegas, Nevada, United States","Jul 11, 2017",Cory 'Poppins' McKenna,Vanessa 'Lil Monster' Demopoulos,Middleweight,Cory 'Poppins' McKenna,Decision (Unanimous),3,5:00,Mark Smith
"Dana White's Tuesday Night Contender Series - Season 1, Episode 1","UFC Training Center, Las Vegas, Nevada, United States","Jul 11, 2017",T.J. 'The Truth' Laramie,Daniel 'Agent Orange' Swain,Middleweight,T.J. 'The Truth' Laramie,TKO (Doctor Stoppage),1,5:00,Jason Herzog
"Dana White's Tuesday Night Contender Series - Season 1, Episode 1","UFC Training Center, Las Vegas, Nevada, United States","Jul 11, 2017",Impa 'Tshilobo' Kasanganay,Anthony 'Sugafoot' Adams,Middleweight,Impa 'Tshilobo' Kasanganay,Decision (Unanimous),3,5:00,Mark Smith
"Dana White's Tuesday Night Contender Series - Season 1, Episode 1","UFC Training Center, Las Vegas, Nevada, United States","Jul 11, 2017",Uros 'The Doctor' Medic,Mikey 'Rolls' Gonzalez,Light Heavyweight,Uros 'The Doctor' Medic,TKO (Punches),1,2:12,Chris Tognoni
"Dana White's Tuesday Night Contender Series - Season 1, Episode 1","UFC Training Center, Las Vegas, Nevada, United States","Jul 11, 2017",Jerome 'The Renegade' Rivera,Ronaldo 'Lazy Boy' Rodriguez,Light Heavyweight,Jerome 'The Renegade' Rivera,Decision (Unanimous),3,5:00,Herb Dean
"Dana White's Tuesday Night Contender Series - Season 1, Episode 1","UFC Training Center, Las Vegas, Nevada, United States","Jul 11, 2017",Jordan 'The Monkey King' Leavitt,Jose 'Luke' Flores,Light Heavyweight,Jordan 'The Monkey King' Leavitt,Submission (Arm-Triangle Choke),1,4:15,Chris Tognoni
"Dana White's Tuesday Night Contender Series - Season 1, Episode 1","UFC Training Center, Las Vegas, Nevada, United States","Jul 11, 2017",Impa 'Tshilobo' Kasanganay,Kailan Hill,Middleweight,Impa 'Tshilobo' Kasanganay,Decision (Unanimous),3,5:00,Chris Tognoni
"Dana White's Tuesday Night Contender Series - Season 1, Episode 1","UFC Training Center, Las Vegas, Nevada, United States","Jul 11, 2017",Peter 'Slippery Pete' Barrett,Sang Hoon 'The Korean Assassin' Yoo,Middleweight,Peter 'Slippery Pete' Barrett,Decision (Unanimous),3,5:00,Jason Herzog
"Dana White's Tuesday Night Contender Series - Season 1, Episode 1","UFC Training Center, Las Vegas, Nevada, United States","Jul 11, 2017",Ben 'Combat Wombat' Sosoli,Dustin Joynson,Middleweight,Ben 'Combat Wombat' Sosoli,No Contest (Eye Poke),1,2:08,Chris Tognoni
"Dana White's Tuesday Night Contender Series - Season 1, Episode 1","UFC Training Center, Las Vegas, Nevada, United States","Jul 11, 2017",T.J. 'Downtown' Brown,Dylan Lockard,Middleweight,T.J. 'Downtown' Brown,Submission (Arm-Triangle Choke),3,2:59,Jason Herzog
"Dana White's Tuesday Night Contender Series - Season 1, Episode 1","UFC Training Center, Las Vegas, Nevada, United States","Jul 11, 2017",Jamal 'The Stormtrooper' Pogues,Marcos 'Ironside' Brigagao,Welterweight,Jamal 'The Stormtrooper' Pogues,Decision (Unanimous),3,5:00,Mark Smith
"Dana White's Tuesday Night Contender Series - Season 1, Episode 1","UFC Training Center, Las Vegas, Nevada, United States","Jul 11, 2017",Steve 'Mean Machine' Garcia,Desmond 'The Tyrant' Torres,Welterweight,Steve 'Mean Machine' Garcia,TKO (Punches and Elbows),1,4:35,Herb Dean
"Dana White's Tuesday Night Contender Series - Season 1, Episode 1","UFC Training Center, Las Vegas, Nevada, United States","Jul 11, 2017",Mallory Martin,Micol DiSegni,Welterweight,Mallory Martin,Decision (Unanimous),3,5:00,Mark Smith
"Dana White's Tuesday Night Contender Series - Season 1, Episode 1","UFC Training Center, Las Vegas, Nevada, United States","Jul 11, 2017",Ricky 'The Karate Kid' Steele,Phil 'The Hitman' Caracappa,Welterweight,Ricky 'The Karate Kid' Steele,Decision (Split),3,5:00,Herb Dean
"Dana White's Tuesday Night Contender Series - Season 1, Episode 1","UFC Training Center, Las Vegas, Nevada, United States","Jul 11, 2017",Brok 'Chata Tuska' Weaver,Devin 'The Prodigy' Smyth,Light Heavyweight,Brok 'Chata Tuska' Weaver,Decision (Unanimous),3,5:00,Mark Smith
"Dana White's Tuesday Night Contender Series - Season 1, Episode 1","UFC Training Center, Las Vegas, Nevada, United States","Jul 11, 2017",Sarah 'Too Sweet' Alpar,Shanna 'The Shanimal' Young,Light Heavyweight,Sarah 'Too Sweet' Alpar,Submission (Rear-Naked Choke),2,2:55,Jason Herzog
"Dana White's Tuesday Night Contender Series - Season 1, Episode 1","UFC Training Center, Las Vegas, Nevada, United States","Jul 11, 2017",Tony Gravely,Ray 'The Judge' Rodriguez,Light Heavyweight,Tony Gravely,TKO (Punches),3,2:16,Mark Smith
"Dana White's Tuesday Night Contender Series - Season 1, Episode 1","UFC Training Center, Las Vegas, Nevada, United States","Jul 11, 2017",Julius Anglickas,Karl Reed,Light Heavyweight,Julius Anglickas,Submission (Rear-Naked Choke),3,3:25,Jason Herzog
"Dana White's Tuesday Night Contender Series - Season 1, Episode 1","UFC Training Center, Las Vegas, Nevada, United States","Jul 11, 2017",Lucrezia Ria,Marilia 'Chocolate' Santos,Lightweight,Lucrezia Ria,Decision (Split),3,5:00,Chris Tognoni
"Dana White's Tuesday Night Contender Series - Season 1, Episode 1","UFC Training Center, Las Vegas, Nevada, United States","Jul 11, 2017",Herbert 'The Blaze' Burns,Darrick Minner,Lightweight,Herbert 'The Blaze' Burns,Submission (Triangle Armbar),1,2:29,Herb Dean
"Dana White's Tuesday Night Contender Series - Season 1, Episode 1","UFC Training Center, Las Vegas, Nevada, United States","Jul 11, 2017",Andre 'Sergipano' Muniz,Taylor 'Tombstone' Johnson,Lightweight,Andre 'Sergipano' Muniz,Submission (Rear-Naked Choke),1,1:46,Chris Tognoni
"Dana White's Tuesday Night Contender Series - Season 1, Episode 1","UFC Training Center, Las Vegas, Nevada, United States","Jul 11, 2017",Dwight Joseph,Jay 'The Joker' Perrin,Lightweight,Dwight Joseph,Decision (Unanimous),3,5:00,Herb Dean
"Dana White's Tuesday Night Contender Series - Season 1, Episode 1","UFC Training Center, Las Vegas, Nevada, United States","Jul 11, 2017",Aalon Cruz,Steven 'The Ninja' Nguyen,Light Heavyweight,Aalon Cruz,KO (Flying Knee),3,4:36,Jason Herzog
"Dana White's Tuesday Night Contender Series - Season 1, Episode 1","UFC Training Center, Las Vegas, Nevada, United States","Jul 11, 2017",Tracy Cortez,Mariya 'Money Mashka' Agapova,Light Heavyweight,Tracy Cortez,Decision (Unanimous),3,5:00,Chris Tognoni
"Dana White's Tuesday Night Contender Series - Season 1, Episode 1","UFC Training Center, Las Vegas, Nevada, United States","Jul 11, 2017",Daniel 'D-Rod' Rodriguez,Rico 'The Triggerman' Farrington,Light Heavyweight,Daniel 'D-Rod' Rodriguez,Decision (Unanimous),3,5:00,Jason Herzog
"Dana White's Tuesday Night Contender Series - Season 1, Episode 1","UFC Training Center, Las Vegas, Nevada, United States","Jul 11, 2017",Rodrigo 'Yogi Bear/Ze Colmeia' Nascimento,Michal 'Blackbeard' Martinek,Light Heavyweight,Rodrigo 'Yogi Bear/Ze Colmeia' Nascimento,Submission (Arm-Triangle Choke),1,3:16,Chris Tognoni
"Dana White's Tuesday Night Contender Series - Season 1, Episode 1","UFC Training Center, Las Vegas, Nevada, United States","Jul 11, 2017",Sean 'The Sniper' Woodson,Terrance 'T.Wrecks' McKinney,Middleweight,Sean 'The Sniper' Woodson,KO (Flying Knee),2,1:49,Mark Smith
"Dana White's Tuesday Night Contender Series - Season 1, Episode 1","UFC Training Center, Las Vegas, Nevada, United States","Jul 11, 2017",J.J. 'The Bosnian Bomber' Okanovich,Christian 'Hollywood' Lohsen,Middleweight,J.J. 'The Bosnian Bomber' Okanovich,Decision (Unanimous),3,5:00,Herb Dean
"Dana White's Tuesday Night Contender Series - Season 1, Episode 1","UFC Training Center, Las Vegas, Nevada, United States","Jul 11, 2017",Jamahal 'Sweet Dreams' Hill,Alexander 'Ironside' Poppeck,Middleweight,Jamahal 'Sweet Dreams' Hill,TKO (Punches and Elbows),2,4:29,Mark Smith
"Dana White's Tuesday Night Contender Series - Season 1, Episode 1","UFC Training Center, Las Vegas, Nevada, United States","Jul 11, 2017",Billy Quarantillo,Kamuela 'The Jawaiian' Kirk,Middleweight,Billy Quarantillo,TKO (Punches),3,0:22,Herb Dean
"Dana White's Tuesday Night Contender Series - Season 1, Episode 1","UFC Training Center, Las Vegas, Nevada, United States","Jul 11, 2017",Ode 'The Jamaican Sensation' Osbourne,Armando 'La Lumbre' Villarreal,Middleweight,Ode 'The Jamaican Sensation' Osbourne,Submission (Armbar),1,4:39,Mark Smith
"Dana White's Tuesday Night Contender Series - Season 1, Episode 1","UFC Training Center, Las Vegas, Nevada, United States","Jul 11, 2017",Don'Tale 'Lord Kong' Mayes,Ricardo 'Alemao' Prasel,Middleweight,Don'Tale 'Lord Kong' Mayes,TKO (Punches),1,4:59,Jason Herzog
"Dana White's Tuesday Night Contender Series - Season 1, Episode 1","UFC Training Center, Las Vegas, Nevada, United States","Jul 11, 2017",Kevin 'El Nino Bala' Syler,Lance Lawrence,Middleweight,Kevin 'El Nino Bala' Syler,Decision (Unanimous),3,5:00,Mark Smith
"Dana White's Tuesday Night Contender Series - Season 1, Episode 1","UFC Training Center, Las Vegas, Nevada, United States","Jul 11, 2017",Brendan 'All In' Allen,Aaron Jeffery,Middleweight,Brendan 'All In' Allen,Submission (Rear-Naked Choke),1,3:23,Jason Herzog
"Dana White's Tuesday Night Contender Series - Season 1, Episode 1","UFC Training Center, Las Vegas, Nevada, United States","Jul 11, 2017",Antonio 'Malvado' Trocoli,Kenneth Bergh,Lightweight,Antonio 'Malvado' Trocoli,No Contest (Overturned by NSAC),1,3:57,Chris Tognoni
"Dana White's Tuesday Night Contender Series - Season 1, Episode 1","UFC Training Center, Las Vegas, Nevada, United States","Jul 11, 2017",Hunter Azure,Chris Ocon,Lightweight,Hunter Azure,Decision (Unanimous),3,5:00,Herb Dean
"Dana White's Tuesday Night Contender Series - Season 1, Episode 1","UFC Training Center, Las Vegas, Nevada, United States","Jul 11, 2017",Maki 'Coconut Bombz' Pitolo,Justin 'The Fort' Sumter,Lightweight,Maki 'Coconut Bombz' Pitolo,TKO (Punches),1,1:37,Chris Tognoni
"Dana White's Tuesday Night Contender Series - Season 1, Episode 1","UFC Training Center, Las Vegas, Nevada, United States","Jul 11, 2017",Jonathan 'JSP' Pearce,Jacob 'Lil' Badger' Rosales,Lightweight,Jonathan 'JSP' Pearce,TKO (Punch),3,1:50,Herb Dean
"Dana White's Tuesday Night Contender Series - Season 1, Episode 1","UFC Training Center, Las Vegas, Nevada, United States","Jul 11, 2017",Justin 'J-Train' Gonzales,Zach 'God's Warrior' Zane,Heavyweight,Justin 'J-Train' Gonzales,Decision (Unanimous),3,5:00,Chris Tognoni
"Dana White's Tuesday Night Contender Series - Season 1, Episode 1","UFC Training Center, Las Vegas, Nevada, United States","Jul 11, 2017",Kyle 'The D'Arce Knight' Daukaus,Michael 'The Don' Lombardo,Heavyweight,Kyle 'The D'Arce Knight' Daukaus,Decision (Unanimous),3,5:00,Jason Herzog
"Dana White's Tuesday Night Contender Series - Season 1, Episode 1","UFC Training Center, Las Vegas, Nevada, United States","Jul 11, 2017",Miles 'Chapo' Johns,Richie 'The Milford Mauler' Santiago,Heavyweight,Miles 'Chapo' Johns,Decision (Unanimous),3,5:00,Chris Tognoni
"Dana White's Tuesday Night Contender Series - Season 1, Episode 1","UFC Training Center, Las Vegas, Nevada, United States","Jul 11, 2017",Miguel 'Caramel Thunder' Baeza,Victor 'Kelevra' Reyna,Heavyweight,Miguel 'Caramel Thunder' Baeza,Decision (Unanimous),3,5:00,Jason Herzog
"Dana White's Tuesday Night Contender Series - Season 1, Episode 1","UFC Training Center, Las Vegas, Nevada, United States","Jul 11, 2017",Hannah '24K' Goldy,Kali 'Pop Tart' Robbins,Middleweight,Hannah '24K' Goldy,Decision (Unanimous),3,5:00,Mark Smith
"Dana White's Tuesday Night Contender Series - Season 1, Episode 1","UFC Training Center, Las Vegas, Nevada, United States","Jul 11, 2017",Brendan Loughnane,Bill 'Senor Perfecto' Algeo,Middleweight,Brendan Loughnane,Decision (Unanimous),3,5:00,Herb Dean
"Dana White's Tuesday Night Contender Series - Season 1, Episode 1","UFC Training Center, Las Vegas, Nevada, United States","Jul 11, 2017",Yorgan 'The Mad Titan' De Castro,Alton 'Murda' Meeks,Middleweight,Yorgan 'The Mad Titan' De Castro,TKO (Leg Kick and Punches),1,4:45,Mark Smith
"Dana White's Tuesday Night Contender Series - Season 1, Episode 1","UFC Training Center, Las Vegas, Nevada, United States","Jul 11, 2017",Luana 'Dread' Carolina,Mabelly Lima,Bantamweight,Luana 'Dread' Carolina,Decision (Unanimous),3,5:00,Herb Dean
"Dana White's Tuesday Night Contender Series - Season 1, Episode 1","UFC Training Center, Las Vegas, Nevada, United States","Jul 11, 2017",Thiago Moises,Gleidson 'Poney' Moraes Cutis,Bantamweight,Thiago Moises,TKO (Punches),1,4:21,Jason Herzog
"Dana White's Tuesday Night Contender Series - Season 1, Episode 1","UFC Training Center, Las Vegas, Nevada, United States","Jul 11, 2017",Vinicius 'Mamute' Moreira,John 'The Hunter' Allan,Bantamweight,Vinicius 'Mamute' Moreira,Submission (Triangle Choke),2,3:40,Jason Herzog
"Dana White's Tuesday Night Contender Series - Season 1, Episode 1","UFC Training Center, Las Vegas, Nevada, United States","Jul 11, 2017",Raulian Paiva,Allan 'Puro Osso' Nascimento,Bantamweight,Raulian Paiva,Decision (Split),3,5:00,Herb Dean
"Dana White's Tuesday Night Contender Series - Season 1, Episode 1","UFC Training Center, Las Vegas, Nevada, United States","Jul 11, 2017",Marina Rodriguez,Maria 'Spider-Girl' Oliveira,Middleweight,Marina Rodriguez,TKO (Punches),1,3:03,Chris Tognoni
"Dana White's Tuesday Night Contender Series - Season 1, Episode 1","UFC Training Center, Las Vegas, Nevada, United States","Jul 11, 2017",Johnny Walker,Henrique 'Frankenstein' da Silva,Middleweight,Johnny Walker,Decision (Unanimous),3,5:00,Herb Dean
"Dana White's Tuesday Night Contender Series - Season 1, Episode 1","UFC Training Center, Las Vegas, Nevada, United States","Jul 11, 2017",Taila Santos,Estefani Almeida,Middleweight,Taila Santos,Decision (Unanimous),3,5:00,Chris Tognoni
"Dana White's Tuesday Night Contender Series - Season 1, Episode 1","UFC Training Center, Las Vegas, Nevada, United States","Jul 11, 2017",Andre 'Sergipano' Muniz,Bruno 'Brunao' Assis,Middleweight,Andre 'Sergipano' Muniz,Decision (Unanimous),3,5:00,Herb Dean
"Dana White's Tuesday Night Contender Series - Season 1, Episode 1","UFC Training Center, Las Vegas, Nevada, United States","Jul 11, 2017",Antonio Arroyo,Diego 'Gaucho' Henrique da Silva,Flyweight,Antonio Arroyo,Decision (Unanimous),3,5:00,Jason Herzog
"Dana White's Tuesday Night Contender Series - Season 1, Episode 1","UFC Training Center, Las Vegas, Nevada, United States","Jul 11, 2017",Augusto Sakai,Marcos Conrado Jr.,Flyweight,Augusto Sakai,TKO (Punches),2,3:09,Jason Herzog
"Dana White's Tuesday Night Contender Series - Season 1, Episode 1","UFC Training Center, Las Vegas, Nevada, United States","Jul 11, 2017",Rogerio Bontorin,Gustavo Gabriel Silva,Flyweight,Rogerio Bontorin,Submission (Rear-Naked Choke),2,4:37,Mark Smith
"Dana White's Tuesday Night Contender Series - Season 1, Episode 1","UFC Training Center, Las Vegas, Nevada, United States","Jul 11, 2017",Mayra 'Sheetara' Bueno Silva,Mayana 'Kellen' Souza dos Santos,Flyweight,Mayra 'Sheetara' Bueno Silva,Technical Submission (Ninja Choke),1,1:02,Jason Herzog
"Dana White's Tuesday Night Contender Series - Season 1, Episode 1","UFC Training Center, Las Vegas, Nevada, United States","Jul 11, 2017",Devonte 'King Kage' Smith,Joseph Lowry,Heavyweight,Devonte 'King Kage' Smith,KO (Elbows),1,2:52,Chris Tognoni
"Dana White's Tuesday Night Contender Series - Season 1, Episode 1","UFC Training Center, Las Vegas, Nevada, United States","Jul 11, 2017",Kennedy 'American Savage' Nzechukwu,Dennis 'The Beard' Bryant,Heavyweight,Kennedy 'American Savage' Nzechukwu,TKO (Head Kick and Punches),1,1:48,Herb Dean
"Dana White's Tuesday Night Contender Series - Season 1, Episode 1","UFC Training Center, Las Vegas, Nevada, United States","Jul 11, 2017",Bobby 'The Wolfman' Moffett,Jacob 'The Killer' Kilburn,Heavyweight,Bobby 'The Wolfman' Moffett,Submission (Brabo Choke),2,1:02,Chris Tognoni
"Dana White's Tuesday Night Contender Series - Season 1, Episode 1","UFC Training Center, Las Vegas, Nevada, United States","Jul 11, 2017",Alex Gilpin,J.R. Coughran,Heavyweight,Alex Gilpin,Submission (Brabo Choke),2,1:55,Chris Tognoni
"Dana White's Tuesday Night Contender Series - Season 1, Episode 1","UFC Training Center, Las Vegas, Nevada, United States","Jul 11, 2017",Don'Tale 'Lord Kong' Mayes,Mitchell 'No Dice' Sipe,Lightweight,Don'Tale 'Lord Kong' Mayes,TKO (Punches),2,4:49,Mark Smith
"Dana White's Tuesday Night Contender Series - Season 1, Episode 1","UFC Training Center, Las Vegas, Nevada, United States","Jul 11, 2017",Ian 'The Hurricane' Heinisch,Justin 'The Fort' Sumter,Lightweight,Ian 'The Hurricane' Heinisch,KO (Elbows),1,3:37,Jason Herzog
"Dana White's Tuesday Night Contender Series - Season 1, Episode 1","UFC Training Center, Las Vegas, Nevada, United States","Jul 11, 2017",Jordan 'The Native Psycho' Griffin,Maurice 'The AK Kid' Mitchell,Lightweight,Jordan 'The Native Psycho' Griffin,Submission (Rear-Naked Choke),1,3:57,Jason Herzog
"Dana White's Tuesday Night Contender Series - Season 1, Episode 1","UFC Training Center, Las Vegas, Nevada, United States","Jul 11, 2017",Juan 'The Kraken' Adams,Shawn 'The Norwegian Nightmare' Teed,Lightweight,Juan 'The Kraken' Adams,TKO (Punches),1,4:17,Mark Smith
"Dana White's Tuesday Night Contender Series - Season 1, Episode 1","UFC Training Center, Las Vegas, Nevada, United States","Jul 11, 2017",Jimmy 'The Brute' Crute,Chris 'The Big Buck' Birchler,Lightweight,Jimmy 'The Brute' Crute,TKO (Punches),1,4:23,Mark Smith
"Dana White's Tuesday Night Contender Series - Season 1, Episode 1","UFC Training Center, Las Vegas, Nevada, United States","Jul 11, 2017",Sodiq 'Super' Yusuff,Mike 'Beast Boy' Davis,Lightweight,Sodiq 'Super' Yusuff,Decision (Unanimous),3,5:00,Jason Herzog
"Dana White's Tuesday Night Contender Series - Season 1, Episode 1","UFC Training Center, Las Vegas, Nevada, United States","Jul 11, 2017",Jeff 'Lights Out' Hughes,Josh 'The Juggernaut' Appelt,Lightweight,Jeff 'Lights Out' Hughes,KO (Punch),1,4:26,Mark Smith
"Dana White's Tuesday Night Contender Series - Season 1, Episode 1","UFC Training Center, Las Vegas, Nevada, United States","Jul 11, 2017",Chase 'The Dream' Hooper,Canaan Kawaihae,Lightweight,Chase 'The Dream' Hooper,Decision (Unanimous),3,5:00,Jason Herzog
"Dana White's Tuesday Night Contender Series - Season 1, Episode 1","UFC Training Center, Las Vegas, Nevada, United States","Jul 11, 2017",Domingo 'Son of Fire' Pilarte,Vince 'Vandetta' Morales,Strawweight,Domingo 'Son of Fire' Pilarte,Technical Submission (Rear-Naked Choke),2,1:52,Chris Tognoni
"Dana White's Tuesday Night Contender Series - Season 1, Episode 1","UFC Training Center, Las Vegas, Nevada, United States","Jul 11, 2017",Chibwikem Onyenegecha,Anthony 'Sugafoot' Adams,Strawweight,Chibwikem Onyenegecha,Decision (Split),3,5:00,Herb Dean
"Dana White's Tuesday Night Contender Series - Season 1, Episode 1","UFC Training Center, Las Vegas, Nevada, United States","Jul 11, 2017",Austin 'The Gentleman' Vanderford,Angelo 'Baby Monsta' Trevino,Strawweight,Austin 'The Gentleman' Vanderford,Submission (Rear-Naked Choke),2,2:42,Chris Tognoni
"Dana White's Tuesday Night Contender Series - Season 1, Episode 1","UFC Training Center, Las Vegas, Nevada, United States","Jul 11, 2017",Edmen 'The Golden Boy' Shahbazyan,Antonio 'Doomsday' Jones,Strawweight,Edmen 'The Golden Boy' Shahbazyan,TKO (Punches),1,0:40,Herb Dean
"Dana White's Tuesday Night Contender Series - Season 1, Episode 1","UFC Training Center, Las Vegas, Nevada, United States","Jul 11, 2017",Bevon 'The Extraordinary Gentleman' Lewis,Alton 'The Bo-Man' Cunningham,Lightweight,Bevon 'The Extraordinary Gentleman' Lewis,TKO (Knees),1,3:01,Mark Smith
"Dana White's Tuesday Night Contender Series - Season 1, Episode 1","UFC Training Center, Las Vegas, Nevada, United States","Jul 11, 2017",Ricky 'El Gallero' Palacios,Toby '2 Quick' Misech,Lightweight,Ricky 'El Gallero' Palacios,Decision (Unanimous),3,5:00,Herb Dean
"Dana White's Tuesday Night Contender Series - Season 1, Episode 1","UFC Training Center, Las Vegas, Nevada, United States","Jul 11, 2017",Jordan Espinosa,Riley 'The Perfect Storm' Dutro,Lightweight,Jordan Espinosa,TKO (Punches),3,4:58,Mark Smith
"Dana White's Tuesday Night Contender Series - Season 1, Episode 1","UFC Training Center, Las Vegas, Nevada, United States","Jul 11, 2017",Jalin 'The Tarantula' Turner,Max Mustaki,Lightweight,Jalin 'The Tarantula' Turner,TKO (Doctor Stoppage),1,5:00,Herb Dean
"Dana White's Tuesday Night Contender Series - Season 1, Episode 1","UFC Training Center, Las Vegas, Nevada, United States","Jul 11, 2017",Te 'T' Edwards,Austin 'The Flash' Tweedy,Flyweight,Te 'T' Edwards,KO (Punch),1,0:28,Chris Tognoni
"Dana White's Tuesday Night Contender Series - Season 1, Episode 1","UFC Training Center, Las Vegas, Nevada, United States","Jul 11, 2017",Josh Parisian,Greg 'Ribz' Rebello,Flyweight,Josh Parisian,KO (Spinning Backfist),1,1:31,Herb Dean
"Dana White's Tuesday Night Contender Series - Season 1, Episode 1","UFC Training Center, Las Vegas, Nevada, United States","Jul 11, 2017",Julian 'Juicy J' Erosa,Jamall 'Prettyboy' Emmers,Flyweight,Julian 'Juicy J' Erosa,KO (Head Kick and Punches),2,1:10,Chris Tognoni
"Dana White's Tuesday Night Contender Series - Season 1, Episode 1","UFC Training Center, Las Vegas, Nevada, United States","Jul 11, 2017",Jordan 'Bomaye' Williams,Tim 'The Bear' Caron,Flyweight,Jordan 'Bomaye' Williams,No Contest (Overturned by NSAC),3,3:37,Herb Dean
"Dana White's Tuesday Night Contender Series - Season 1, Episode 1","UFC Training Center, Las Vegas, Nevada, United States","Jul 11, 2017",Anthony 'Fluffy' Hernandez,Jordan 'The Beverly Hills Ninja' Wright,Featherweight,Anthony 'Fluffy' Hernandez,No Contest (Overturned by NSAC),1,0:40,Mark Smith
"Dana White's Tuesday Night Contender Series - Season 1, Episode 1","UFC Training Center, Las Vegas, Nevada, United States","Jul 11, 2017",Austin Springer,Giga 'Ninja' Chikadze,Featherweight,Austin Springer,Submission (Rear-Naked Choke),3,4:10,Jason Herzog
"Dana White's Tuesday Night Contender Series - Season 1, Episode 1","UFC Training Center, Las Vegas, Nevada, United States","Jul 11, 2017",Ryan 'Superman' Spann,Emiliano 'He-Man' Sordi,Featherweight,Ryan 'Superman' Spann,Submission (Guillotine Choke),1,0:26,Mark Smith
"Dana White's Tuesday Night Contender Series - Season 1, Episode 1","UFC Training Center, Las Vegas, Nevada, United States","Jul 11, 2017",Dwight 'The Body Snatcher' Grant,Tyler 'The Zombie' Hill,Featherweight,Dwight 'The Body Snatcher' Grant,KO (Punches),2,2:08,Jason Herzog
"Dana White's Tuesday Night Contender Series - Season 1, Episode 1","UFC Training Center, Las Vegas, Nevada, United States","Jul 11, 2017",Chris 'The Action Man' Curtis,Sean 'The Unpredictable One' Lally,Light Heavyweight,Chris 'The Action Man' Curtis,TKO (Hook Kick and Punches),3,1:37,Herb Dean
"Dana White's Tuesday Night Contender Series - Season 1, Episode 1","UFC Training Center, Las Vegas, Nevada, United States","Jul 11, 2017",Greg 'Prince of War' Hardy,Austen Lane,Light Heavyweight,Greg 'Prince of War' Hardy,TKO (Punches),1,0:57,Mark Smith
"Dana White's Tuesday Night Contender Series - Season 1, Episode 1","UFC Training Center, Las Vegas, Nevada, United States","Jul 11, 2017",Montel 'Quik' Jackson,Rico DiSciullo,Light Heavyweight,Montel 'Quik' Jackson,TKO (Knee and Punches),3,2:15,Herb Dean
"Dana White's Tuesday Night Contender Series - Season 1, Episode 1","UFC Training Center, Las Vegas, Nevada, United States","Jul 11, 2017",Kevin 'Trailblazer' Holland,Will 'The Brown Bomber' Santiago Jr.,Light Heavyweight,Kevin 'Trailblazer' Holland,Decision (Unanimous),3,5:00,Mark Smith
"Dana White's Tuesday Night Contender Series - Season 1, Episode 1","UFC Training Center, Las Vegas, Nevada, United States","Jul 11, 2017",Bevon 'The Extraordinary Gentleman' Lewis,Elias Urbina,Lightweight,Bevon 'The Extraordinary Gentleman' Lewis,TKO (Punches),2,2:47,John McCarthy
"Dana White's Tuesday Night Contender Series - Season 1, Episode 1","UFC Training Center, Las Vegas, Nevada, United States","Jul 11, 2017",Adam 'Captain Chaos' Antolin,Casey Kenney,Lightweight,Adam 'Captain Chaos' Antolin,Decision (Split),3,5:00,Jason Herzog
"Dana White's Tuesday Night Contender Series - Season 1, Episode 1","UFC Training Center, Las Vegas, Nevada, United States","Jul 11, 2017",Lauren 'Princess Tiger' Mueller,Kelly 'Killer' McGill-Velasco,Lightweight,Lauren 'Princess Tiger' Mueller,Decision (Unanimous),3,5:00,John McCarthy
"Dana White's Tuesday Night Contender Series - Season 1, Episode 1","UFC Training Center, Las Vegas, Nevada, United States","Jul 11, 2017",Allen 'Pretty Boy' Crowder,Don'Tale 'Lord Kong' Mayes,Lightweight,Allen 'Pretty Boy' Crowder,TKO (Punches and Elbows),3,4:12,Jason Herzog
"Dana White's Tuesday Night Contender Series - Season 1, Episode 1","UFC Training Center, Las Vegas, Nevada, United States","Jul 11, 2017",Benito 'Golden Boy' Lopez,Steven 'Ocho' Peterson,Light Heavyweight,Benito 'Golden Boy' Lopez,Decision (Split),3,5:00,John McCarthy
"Dana White's Tuesday Night Contender Series - Season 1, Episode 1","UFC Training Center, Las Vegas, Nevada, United States","Jul 11, 2017",Joby Sanchez,J.P. 'Young Savage' Buys,Light Heavyweight,Joby Sanchez,TKO (Punches),2,2:28,Mark Smith
"Dana White's Tuesday Night Contender Series - Season 1, Episode 1","UFC Training Center, Las Vegas, Nevada, United States","Jul 11, 2017",Mike Santiago,Mark 'The Pride of Bloomfield' Cherico,Light Heavyweight,Mike Santiago,KO (Punches),1,2:59,John McCarthy
"Dana White's Tuesday Night Contender Series - Season 1, Episode 1","UFC Training Center, Las Vegas, Nevada, United States","Jul 11, 2017",Jordan Espinosa,Nick Urso,Light Heavyweight,Jordan Espinosa,Technical Submission (Anaconda Choke),1,1:23,Mark Smith
"Dana White's Tuesday Night Contender Series - Season 1, Episode 1","UFC Training Center, Las Vegas, Nevada, United States","Jul 11, 2017",Grant 'KGD' Dawson,Adrian Diaz,Middleweight,Grant 'KGD' Dawson,Submission (Rear-Naked Choke),2,1:15,Jason Herzog
"Dana White's Tuesday Night Contender Series - Season 1, Episode 1","UFC Training Center, Las Vegas, Nevada, United States","Jul 11, 2017",Cameron 'Captain Crunch' Olson,Karl Reed,Middleweight,Cameron 'Captain Crunch' Olson,Decision (Unanimous),3,5:00,Herb Dean
"Dana White's Tuesday Night Contender Series - Season 1, Episode 1","UFC Training Center, Las Vegas, Nevada, United States","Jul 11, 2017",Jaime Alvarez,Martin 'The Spartan' Day,Middleweight,Jaime Alvarez,Decision (Unanimous),3,5:00,Jason Herzog
"Dana White's Tuesday Night Contender Series - Season 1, Episode 1","UFC Training Center, Las Vegas, Nevada, United States","Jul 11, 2017",Jamie 'Bad Mama' Colleen Miller,Tiffany 'Rainbow Renegade' Masters,Middleweight,Jamie 'Bad Mama' Colleen Miller,Submission (Armbar),3,4:43,Jason Herzog
"Dana White's Tuesday Night Contender Series - Season 1, Episode 1","UFC Training Center, Las Vegas, Nevada, United States","Jul 11, 2017",Julio Arce,Peter 'The Joker' Petties,Light Heavyweight,Julio Arce,TKO (Punches),2,2:39,Jason Herzog
"Dana White's Tuesday Night Contender Series - Season 1, Episode 1","UFC Training Center, Las Vegas, Nevada, United States","Jul 11, 2017",Alex Perez,Kevin 'Pocket Herc' Gray,Light Heavyweight,Alex Perez,Technical Submission (Anaconda Choke),1,2:54,Mark Smith
"Dana White's Tuesday Night Contender Series - Season 1, Episode 1","UFC Training Center, Las Vegas, Nevada, United States","Jul 11, 2017",Ricky Simon,Donavon Frelow,Light Heavyweight,Ricky Simon,Decision (Split),3,5:00,Jason Herzog
"Dana White's Tuesday Night Contender Series - Season 1, Episode 1","UFC Training Center, Las Vegas, Nevada, United States","Jul 11, 2017",Shelton 'The Gravedigger' Graves,Everett 'Wolverine' Sims,Light Heavyweight,Shelton 'The Gravedigger' Graves,TKO (Knees to the Body),3,2:20,Mark Smith
"Dana White's Tuesday Night Contender Series - Season 1, Episode 1","UFC Training Center, Las Vegas, Nevada, United States","Jul 11, 2017",Kyler 'Matrix' Phillips,James 'The Phenom' Gray Jr.,Middleweight,Kyler 'Matrix' Phillips,TKO (Elbows and Punches),1,0:46,Chris Tognoni
"Dana White's Tuesday Night Contender Series - Season 1, Episode 1","UFC Training Center, Las Vegas, Nevada, United States","Jul 11, 2017",Carlos 'The Cannon' Candelario,Ronaldo 'Pac-Man' Candido de Oliveira,Middleweight,Carlos 'The Cannon' Candelario,Decision (Unanimous),3,5:00,Herb Dean
"Dana White's Tuesday Night Contender Series - Season 1, Episode 1","UFC Training Center, Las Vegas, Nevada, United States","Jul 11, 2017",Brandon 'Killer B' Davis,Austin 'The Golden Boy' Arnett,Middleweight,Brandon 'Killer B' Davis,Decision (Unanimous),3,5:00,Chris Tognoni
"Dana White's Tuesday Night Contender Series - Season 1, Episode 1","UFC Training Center, Las Vegas, Nevada, United States","Jul 11, 2017",John 'Sexi Mexi' Castaneda,Cheyden 'Steadfast' Leialoha,Middleweight,John 'Sexi Mexi' Castaneda,Decision (Unanimous),3,5:00,Chris Tognoni
"Dana White's Tuesday Night Contender Series - Season 1, Episode 1","UFC Training Center, Las Vegas, Nevada, United States","Jul 11, 2017",Kyle 'Gunz Up' Stewart,Jason 'The Ass-Kicking Machine' Jackson,Light Heavyweight,Kyle 'Gunz Up' Stewart,TKO (Ankle Injury),2,0:21,Chris Tognoni
"Dana White's Tuesday Night Contender Series - Season 1, Episode 1","UFC Training Center, Las Vegas, Nevada, United States","Jul 11, 2017",Geoff 'Handz of Steel' Neal,Chase Waldon,Light Heavyweight,Geoff 'Handz of Steel' Neal,TKO (Punches),1,1:56,Jason Herzog
"Dana White's Tuesday Night Contender Series - Season 1, Episode 1","UFC Training Center, Las Vegas, Nevada, United States","Jul 11, 2017",Alonzo 'Atomic' Menifield,Daniel 'The Werewolf of Texas' Jolly,Light Heavyweight,Alonzo 'Atomic' Menifield,TKO (Eye Injury),1,5:00,Chris Tognoni
"Dana White's Tuesday Night Contender Series - Season 1, Episode 1","UFC Training Center, Las Vegas, Nevada, United States","Jul 11, 2017",Dan '50K' Ige,Luis 'El Tigre' Gomez,Light Heavyweight,Dan '50K' Ige,Submission (Rear-Naked Choke),3,3:23,Jason Herzog
"Dana White's Tuesday Night Contender Series - Season 1, Episode 1","UFC Training Center, Las Vegas, Nevada, United States","Jul 11, 2017",Sean 'Suga' O'Malley,Alfred 'The Fearless' Khashakyan,Light Heavyweight,Sean 'Suga' O'Malley,KO (Punch),1,4:14,Mark Smith
"Dana White's Tuesday Night Contender Series - Season 1, Episode 1","UFC Training Center, Las Vegas, Nevada, United States","Jul 11, 2017",Thanh Le,Lazar Stojadinovic,Light Heavyweight,Thanh Le,KO (Head Kick and Punches),2,1:35,John McCarthy
"Dana White's Tuesday Night Contender Series - Season 1, Episode 1","UFC Training Center, Las Vegas, Nevada, United States","Jul 11, 2017",Sidney 'Da Gun' Outlaw,Michael Cora,Light Heavyweight,Sidney 'Da Gun' Outlaw,Decision (Unanimous),3,5:00,Mark Smith
"Dana White's Tuesday Night Contender Series - Season 1, Episode 1","UFC Training Center, Las Vegas, Nevada, United States","Jul 11, 2017",Casey Kenney,C.J. 'The Autobot' Hamilton,Light Heavyweight,Casey Kenney,Decision (Unanimous),3,5:00,Mark Smith
"Dana White's Tuesday Night Contender Series - Season 1, Episode 1","UFC Training Center, Las Vegas, Nevada, United States","Jul 11, 2017",Azunna 'Zu the 8th Wonder' Anyanwu,Greg 'Ribz' Rebello,Featherweight,Azunna 'Zu the 8th Wonder' Anyanwu,KO (Punch),2,3:04,John McCarthy
"Dana White's Tuesday Night Contender Series - Season 1, Episode 1","UFC Training Center, Las Vegas, Nevada, United States","Jul 11, 2017",Boston 'Boom Boom' Salmon,Ricky 'Pretty' Turcios,Featherweight,Boston 'Boom Boom' Salmon,Decision (Unanimous),3,5:00,Chris Tognoni
"Dana White's Tuesday Night Contender Series - Season 1, Episode 1","UFC Training Center, Las Vegas, Nevada, United States","Jul 11, 2017",Charles 'Kid Dynamite' Byrd,Jamie 'The Nightwolf' Pickett,Featherweight,Charles 'Kid Dynamite' Byrd,Technical Submission (Arm-Triangle Choke),1,4:55,John McCarthy
"Dana White's Tuesday Night Contender Series - Season 1, Episode 1","UFC Training Center, Las Vegas, Nevada, United States","Jul 11, 2017",Joby Sanchez,Manny Vazquez,Featherweight,Joby Sanchez,Decision (Unanimous),3,5:00,Chris Tognoni
